date,sales,inventory,price,sales_7day,sales_30day,year,month,quarter,week,day_of_week,sales_lag_1,sales_lag_7,sales_lag_14,sales_lag_28,sales_rolling_7,sales_rolling_14,sales_rolling_30,price_change,inventory_change
2014-02-01,369,2145,0.99,207.28571428571428,145.13333333333333,2014,2,1,5,5,209.0,198.0,159.0,59.0,182.85714285714286,150.71428571428572,132.83333333333334,0.0,-369.0
2014-02-02,217,1928,0.99,214.28571428571428,150.03333333333333,2014,2,1,5,6,369.0,168.0,199.0,93.0,207.28571428571428,165.71428571428572,145.13333333333333,0.0,-217.0
2014-02-03,97,1831,0.99,210.28571428571428,151.3,2014,2,1,6,0,217.0,125.0,104.0,96.0,214.28571428571428,167.0,150.03333333333333,0.0,-97.0
2014-02-04,117,1714,0.99,214.71428571428572,152.1,2014,2,1,6,1,97.0,86.0,70.0,145.0,210.28571428571428,166.5,151.3,0.0,-117.0
2014-02-05,100,1998,1.29,197.28571428571428,152.23333333333332,2014,2,1,6,2,117.0,222.0,127.0,179.0,214.71428571428572,169.85714285714286,152.1,0.30000000000000004,284.0
2014-02-06,64,2126,1.29,167.57142857142858,149.53333333333333,2014,2,1,6,3,100.0,272.0,96.0,321.0,197.28571428571428,167.92857142857142,152.23333333333332,0.0,128.0
2014-02-07,35,2091,1.29,142.71428571428572,144.73333333333332,2014,2,1,6,4,64.0,209.0,75.0,125.0,167.57142857142858,165.64285714285714,149.53333333333333,0.0,-35.0
2014-02-08,54,2037,1.29,97.71428571428571,135.83333333333334,2014,2,1,6,5,35.0,369.0,198.0,88.0,142.71428571428572,162.78571428571428,144.73333333333332,0.0,-54.0
2014-02-09,55,1982,1.29,74.57142857142857,133.5,2014,2,1,6,6,54.0,217.0,168.0,188.0,97.71428571428571,152.5,135.83333333333334,0.0,-55.0
2014-02-12,8,7228,1.29,61.857142857142854,130.83333333333334,2014,2,1,7,2,55.0,97.0,125.0,121.0,74.57142857142857,144.42857142857142,133.5,0.0,5246.0
2014-02-13,43,7185,1.09,51.285714285714285,126.0,2014,2,1,7,3,8.0,117.0,86.0,134.0,61.857142857142854,136.07142857142858,130.83333333333334,-0.19999999999999996,-43.0
2014-02-14,107,7078,1.09,52.285714285714285,125.53333333333333,2014,2,1,7,4,43.0,100.0,222.0,80.0,51.285714285714285,133.0,126.0,0.0,-107.0
2014-02-15,116,6962,1.09,59.714285714285715,124.93333333333334,2014,2,1,7,5,107.0,64.0,272.0,82.0,52.285714285714285,124.78571428571429,125.53333333333333,0.0,-116.0
2014-02-16,87,6875,1.09,67.14285714285714,125.16666666666667,2014,2,1,7,6,116.0,35.0,209.0,94.0,59.714285714285715,113.64285714285714,124.93333333333334,0.0,-87.0
2014-02-17,66,6809,1.09,68.85714285714286,124.63333333333334,2014,2,1,8,0,87.0,54.0,369.0,159.0,67.14285714285714,104.92857142857143,125.16666666666667,0.0,-66.0
2014-02-18,44,6765,1.09,67.28571428571429,122.96666666666667,2014,2,1,8,1,66.0,55.0,217.0,199.0,68.85714285714286,83.28571428571429,124.63333333333334,0.0,-44.0
2014-02-19,33,6731,1.09,70.85714285714286,118.76666666666667,2014,2,1,8,2,44.0,8.0,97.0,104.0,67.28571428571429,70.92857142857143,122.96666666666667,0.0,-34.0
2014-02-20,13,6718,1.09,66.57142857142857,112.56666666666666,2014,2,1,8,3,33.0,43.0,117.0,70.0,70.85714285714286,66.35714285714286,118.76666666666667,0.0,-13.0
2014-02-21,53,6665,1.09,58.857142857142854,110.86666666666666,2014,2,1,8,4,13.0,107.0,100.0,127.0,66.57142857142857,58.92857142857143,112.56666666666666,0.0,-53.0
2014-02-22,72,6593,1.09,52.57142857142857,110.93333333333334,2014,2,1,8,5,53.0,116.0,64.0,96.0,58.857142857142854,55.57142857142857,110.86666666666666,0.0,-72.0
2014-02-23,50,6543,1.09,47.285714285714285,108.36666666666666,2014,2,1,8,6,72.0,87.0,35.0,75.0,52.57142857142857,56.142857142857146,110.93333333333334,0.0,-50.0
2014-02-24,15,6528,1.09,40.0,105.66666666666667,2014,2,1,9,0,50.0,66.0,54.0,198.0,47.285714285714285,57.214285714285715,108.36666666666666,0.0,-15.0
2014-02-25,12,6516,1.09,35.42857142857143,103.56666666666666,2014,2,1,9,1,15.0,44.0,55.0,168.0,40.0,54.42857142857143,105.66666666666667,0.0,-12.0
2014-02-26,71,6445,1.09,40.857142857142854,99.33333333333333,2014,2,1,9,2,12.0,33.0,8.0,125.0,35.42857142857143,51.357142857142854,103.56666666666666,0.0,-71.0
2014-02-27,37,6412,1.09,44.285714285714285,94.96666666666667,2014,2,1,9,3,71.0,13.0,43.0,86.0,40.857142857142854,55.857142857142854,99.33333333333333,0.0,-33.0
2014-02-28,83,6329,1.09,48.57142857142857,93.56666666666666,2014,2,1,9,4,37.0,53.0,107.0,222.0,44.285714285714285,55.42857142857143,94.96666666666667,0.0,-83.0
2014-03-01,94,6237,1.09,51.714285714285715,93.83333333333333,2014,3,1,9,5,83.0,72.0,116.0,272.0,48.57142857142857,53.714285714285715,93.56666666666666,0.0,-92.0
2014-03-02,59,6178,1.09,53.0,88.4,2014,3,1,9,6,94.0,50.0,87.0,209.0,51.714285714285715,52.142857142857146,93.83333333333333,0.0,-59.0
2014-03-03,49,6129,1.09,57.857142857142854,80.96666666666667,2014,3,1,10,0,59.0,15.0,66.0,369.0,53.0,50.142857142857146,88.4,0.0,-49.0
2014-03-05,65,6012,1.09,65.42857142857143,76.16666666666667,2014,3,1,10,2,49.0,12.0,44.0,217.0,57.857142857142854,48.92857142857143,80.96666666666667,0.0,-117.0
2014-03-06,55,5957,1.09,63.142857142857146,65.7,2014,3,1,10,3,65.0,71.0,33.0,97.0,65.42857142857143,50.42857142857143,76.16666666666667,0.0,-55.0
2014-03-07,77,5880,1.09,68.85714285714286,61.03333333333333,2014,3,1,10,4,55.0,37.0,13.0,117.0,63.142857142857146,52.0,65.7,0.0,-77.0
2014-03-08,122,5755,1.09,74.42857142857143,61.86666666666667,2014,3,1,10,5,77.0,83.0,53.0,100.0,68.85714285714286,56.57142857142857,61.03333333333333,0.0,-125.0
2014-03-09,83,5672,1.09,72.85714285714286,60.733333333333334,2014,3,1,10,6,122.0,94.0,72.0,64.0,74.42857142857143,61.5,61.86666666666667,0.0,-83.0
2014-03-10,75,5597,1.09,75.14285714285714,59.9,2014,3,1,11,0,83.0,59.0,50.0,35.0,72.85714285714286,62.285714285714285,60.733333333333334,0.0,-75.0
2014-03-11,48,5549,1.09,75.0,59.36666666666667,2014,3,1,11,1,75.0,49.0,15.0,54.0,75.14285714285714,64.07142857142857,59.9,0.0,-48.0
2014-03-12,45,5504,1.29,72.14285714285714,59.7,2014,3,1,11,2,48.0,65.0,12.0,55.0,75.0,66.42857142857143,59.36666666666667,0.19999999999999996,-45.0
2014-03-13,78,4659,1.29,75.42857142857143,60.5,2014,3,1,11,3,45.0,55.0,71.0,8.0,72.14285714285714,68.78571428571429,59.7,0.0,-845.0
2014-03-14,122,4537,1.29,81.85714285714286,62.733333333333334,2014,3,1,11,4,78.0,77.0,37.0,43.0,75.42857142857143,69.28571428571429,60.5,0.0,-122.0
2014-03-16,116,4274,1.29,81.0,66.33333333333333,2014,3,1,11,6,122.0,122.0,83.0,107.0,81.85714285714286,75.35714285714286,62.733333333333334,0.0,-263.0
2014-03-17,48,4228,1.29,76.0,66.5,2014,3,1,12,0,116.0,83.0,94.0,116.0,81.0,77.71428571428571,66.33333333333333,0.0,-46.0
2014-03-18,29,4199,1.29,69.42857142857143,63.9,2014,3,1,12,1,48.0,75.0,59.0,87.0,76.0,74.42857142857143,66.5,0.0,-29.0
2014-03-19,91,4107,1.29,75.57142857142857,63.06666666666667,2014,3,1,12,2,29.0,48.0,49.0,66.0,69.42857142857143,72.28571428571429,63.9,0.0,-92.0
2014-03-20,59,4048,1.29,77.57142857142857,62.13333333333333,2014,3,1,12,3,91.0,45.0,65.0,44.0,75.57142857142857,75.28571428571429,63.06666666666667,0.0,-59.0
2014-03-21,68,3980,1.29,76.14285714285714,62.2,2014,3,1,12,4,59.0,78.0,55.0,33.0,77.57142857142857,74.85714285714286,62.13333333333333,0.0,-68.0
2014-03-22,137,3843,1.28,78.28571428571429,65.3,2014,3,1,12,5,68.0,122.0,77.0,13.0,76.14285714285714,75.78571428571429,62.2,-0.010000000000000009,-137.0
2014-03-23,56,3787,1.29,69.71428571428571,66.06666666666666,2014,3,1,12,6,137.0,116.0,122.0,53.0,78.28571428571429,80.07142857142857,65.3,0.010000000000000009,-56.0
2014-03-24,13,3774,1.29,64.71428571428571,66.06666666666666,2014,3,1,13,0,56.0,48.0,83.0,72.0,69.71428571428571,75.35714285714286,66.06666666666666,0.0,-13.0
2014-03-25,45,3729,1.29,67.0,65.8,2014,3,1,13,1,13.0,29.0,75.0,50.0,64.71428571428571,70.35714285714286,66.06666666666666,0.0,-45.0
2014-03-26,25,3704,1.29,57.57142857142857,64.23333333333333,2014,3,1,13,2,45.0,91.0,48.0,15.0,67.0,68.21428571428571,65.8,0.0,-25.0
2014-03-27,25,3679,1.29,52.714285714285715,63.4,2014,3,1,13,3,25.0,59.0,45.0,12.0,57.57142857142857,66.57142857142857,64.23333333333333,0.0,-25.0
2014-03-28,174,3505,1.19,67.85714285714286,68.7,2014,3,1,13,4,25.0,68.0,78.0,71.0,52.714285714285715,65.14285714285714,63.4,-0.10000000000000009,-174.0
2014-03-29,138,3367,1.09,68.0,72.9,2014,3,1,13,5,174.0,137.0,122.0,37.0,67.85714285714286,72.0,68.7,-0.09999999999999987,-138.0
2014-03-30,64,3303,1.09,69.14285714285714,72.66666666666667,2014,3,1,13,6,138.0,56.0,116.0,83.0,68.0,73.14285714285714,72.9,0.0,-64.0
2014-03-31,77,3226,1.09,78.28571428571429,74.0,2014,3,1,14,0,64.0,13.0,48.0,94.0,69.14285714285714,69.42857142857143,72.66666666666667,0.0,-77.0
2014-04-01,62,3164,1.09,80.71428571428571,73.3,2014,4,2,14,1,77.0,45.0,29.0,59.0,78.28571428571429,71.5,74.0,0.0,-62.0
2014-04-02,119,3045,1.09,94.14285714285714,74.13333333333334,2014,4,2,14,2,62.0,25.0,91.0,49.0,80.71428571428571,73.85714285714286,73.3,0.0,-119.0
2014-04-03,89,2956,1.09,103.28571428571429,75.13333333333334,2014,4,2,14,3,119.0,25.0,59.0,65.0,94.14285714285714,75.85714285714286,74.13333333333334,0.0,-89.0
2014-04-04,133,2823,1.09,97.42857142857143,77.93333333333334,2014,4,2,14,4,89.0,174.0,68.0,55.0,103.28571428571429,78.0,75.13333333333334,0.0,-133.0
2014-04-05,180,2643,1.09,103.42857142857143,81.76666666666667,2014,4,2,14,5,133.0,138.0,137.0,77.0,97.42857142857143,82.64285714285714,77.93333333333334,0.0,-180.0
2014-04-06,121,2522,1.09,111.57142857142857,83.96666666666667,2014,4,2,14,6,180.0,64.0,56.0,122.0,103.42857142857143,85.71428571428571,81.76666666666667,0.0,-121.0
2014-04-07,72,2450,1.09,110.85714285714286,83.8,2014,4,2,15,0,121.0,77.0,13.0,83.0,111.57142857142857,90.35714285714286,83.96666666666667,0.0,-72.0
2014-04-08,91,2359,1.09,115.0,82.76666666666667,2014,4,2,15,1,72.0,62.0,45.0,75.0,110.85714285714286,94.57142857142857,83.8,0.0,-91.0
2014-04-09,53,2306,1.09,105.57142857142857,81.76666666666667,2014,4,2,15,2,91.0,119.0,25.0,48.0,115.0,97.85714285714286,82.76666666666667,0.0,-53.0
2014-04-10,47,2259,1.09,99.57142857142857,80.83333333333333,2014,4,2,15,3,53.0,89.0,25.0,45.0,105.57142857142857,99.85714285714286,81.76666666666667,0.0,-47.0
2014-04-11,42,2217,1.09,86.57142857142857,80.63333333333334,2014,4,2,15,4,47.0,133.0,174.0,78.0,99.57142857142857,101.42857142857143,80.83333333333333,0.0,-42.0
2014-04-12,124,2092,1.09,78.57142857142857,83.26666666666667,2014,4,2,15,5,42.0,180.0,138.0,122.0,86.57142857142857,92.0,80.63333333333334,0.0,-125.0
2014-04-13,97,1995,1.09,75.14285714285714,83.9,2014,4,2,15,6,124.0,121.0,64.0,116.0,78.57142857142857,91.0,83.26666666666667,0.0,-97.0
2014-04-14,119,1875,1.09,81.85714285714286,83.8,2014,4,2,16,0,97.0,72.0,77.0,48.0,75.14285714285714,93.35714285714286,83.9,0.0,-120.0
2014-04-15,34,1841,1.29,73.71428571428571,81.06666666666666,2014,4,2,16,1,119.0,91.0,62.0,29.0,81.85714285714286,96.35714285714286,83.8,0.19999999999999996,-34.0
2014-04-16,18,1823,1.29,68.71428571428571,80.06666666666666,2014,4,2,16,2,34.0,53.0,119.0,91.0,73.71428571428571,94.35714285714286,81.06666666666666,0.0,-18.0
2014-04-17,24,1799,1.29,65.42857142857143,79.9,2014,4,2,16,3,18.0,47.0,89.0,59.0,68.71428571428571,87.14285714285714,80.06666666666666,0.0,-24.0
2014-04-18,57,1742,1.29,67.57142857142857,78.76666666666667,2014,4,2,16,4,24.0,42.0,133.0,68.0,65.42857142857143,82.5,79.9,0.0,-57.0
2014-04-19,61,1681,1.29,58.57142857142857,78.83333333333333,2014,4,2,16,5,57.0,124.0,180.0,137.0,67.57142857142857,77.07142857142857,78.76666666666667,0.0,-61.0
2014-04-20,30,1651,1.29,49.0,77.56666666666666,2014,4,2,16,6,61.0,97.0,121.0,56.0,58.57142857142857,68.57142857142857,78.83333333333333,0.0,-30.0
2014-04-21,96,1554,1.29,45.714285714285715,76.2,2014,4,2,17,0,30.0,119.0,72.0,13.0,49.0,62.07142857142857,77.56666666666666,0.0,-97.0
2014-04-22,0,1525,1.29,40.857142857142854,74.33333333333333,2014,4,2,17,1,96.0,34.0,91.0,45.0,45.714285714285715,63.785714285714285,76.2,0.0,-29.0
2014-04-23,37,1488,1.29,43.57142857142857,75.13333333333334,2014,4,2,17,2,0.0,18.0,53.0,25.0,40.857142857142854,57.285714285714285,74.33333333333333,0.0,-37.0
2014-04-24,30,1458,1.29,44.42857142857143,74.63333333333334,2014,4,2,17,3,37.0,24.0,47.0,25.0,43.57142857142857,56.142857142857146,75.13333333333334,0.0,-30.0
2014-04-25,38,1420,1.29,41.714285714285715,75.06666666666666,2014,4,2,17,4,30.0,57.0,42.0,174.0,44.42857142857143,54.92857142857143,74.63333333333334,0.0,-38.0
2014-04-26,88,1332,1.29,45.57142857142857,77.16666666666667,2014,4,2,17,5,38.0,61.0,124.0,138.0,41.714285714285715,54.642857142857146,75.06666666666666,0.0,-88.0
2014-04-27,64,1268,1.29,50.42857142857143,73.5,2014,4,2,17,6,88.0,30.0,97.0,64.0,45.57142857142857,52.07142857142857,77.16666666666667,0.0,-64.0
2014-04-28,13,1255,1.29,38.57142857142857,69.33333333333333,2014,4,2,18,0,64.0,96.0,119.0,77.0,50.42857142857143,49.714285714285715,73.5,0.0,-13.0
2014-04-29,20,1255,1.29,41.42857142857143,67.86666666666666,2014,4,2,18,1,13.0,0.0,34.0,62.0,38.57142857142857,42.142857142857146,69.33333333333333,0.0,0.0
2014-04-30,31,1457,1.29,40.57142857142857,66.33333333333333,2014,4,2,18,2,20.0,37.0,18.0,119.0,41.42857142857143,41.142857142857146,67.86666666666666,0.0,202.0
2014-05-01,129,1263,1.29,54.714285714285715,68.56666666666666,2014,5,2,18,3,31.0,30.0,24.0,89.0,40.57142857142857,42.07142857142857,66.33333333333333,0.0,-194.0
2014-05-02,94,1169,1.29,62.714285714285715,67.73333333333333,2014,5,2,18,4,129.0,38.0,57.0,133.0,54.714285714285715,49.57142857142857,68.56666666666666,0.0,-94.0
2014-05-03,129,1904,1.29,68.57142857142857,69.06666666666666,2014,5,2,18,5,94.0,88.0,61.0,180.0,62.714285714285715,52.214285714285715,67.73333333333333,0.0,735.0
2014-05-04,126,1778,1.29,77.42857142857143,68.83333333333333,2014,5,2,18,6,129.0,64.0,30.0,121.0,68.57142857142857,57.07142857142857,69.06666666666666,0.0,-126.0
2014-05-05,70,1708,1.29,85.57142857142857,65.16666666666667,2014,5,2,19,0,126.0,13.0,96.0,72.0,77.42857142857143,63.92857142857143,68.83333333333333,0.0,-70.0
2014-05-06,48,1708,1.29,89.57142857142857,62.733333333333334,2014,5,2,19,1,70.0,20.0,0.0,91.0,85.57142857142857,62.07142857142857,65.16666666666667,0.0,0.0
2014-05-07,123,2044,1.29,102.71428571428571,64.43333333333334,2014,5,2,19,2,48.0,31.0,37.0,53.0,89.57142857142857,65.5,62.733333333333334,0.0,336.0
2014-05-08,87,1930,1.29,96.71428571428571,64.3,2014,5,2,19,3,123.0,129.0,30.0,47.0,102.71428571428571,71.64285714285714,64.43333333333334,0.0,-114.0
2014-05-09,65,1961,1.29,92.57142857142857,64.7,2014,5,2,19,4,87.0,94.0,38.0,42.0,96.71428571428571,75.71428571428571,64.3,0.0,31.0
2014-05-10,102,1859,1.29,88.71428571428571,66.53333333333333,2014,5,2,19,5,65.0,129.0,88.0,124.0,92.57142857142857,77.64285714285714,64.7,0.0,-102.0
2014-05-11,78,1781,1.29,81.85714285714286,67.73333333333333,2014,5,2,19,6,102.0,126.0,64.0,97.0,88.71428571428571,78.64285714285714,66.53333333333333,0.0,-78.0
2014-05-12,49,1828,1.29,78.85714285714286,65.23333333333333,2014,5,2,20,0,78.0,70.0,13.0,119.0,81.85714285714286,79.64285714285714,67.73333333333333,0.0,47.0
2014-05-13,0,1800,1.29,72.0,62.0,2014,5,2,20,1,49.0,48.0,20.0,34.0,78.85714285714286,82.21428571428571,65.23333333333333,0.0,-28.0
2014-05-14,68,1687,1.09,64.14285714285714,60.3,2014,5,2,20,2,0.0,123.0,31.0,18.0,72.0,80.78571428571429,62.0,-0.19999999999999996,-113.0
2014-05-15,102,1969,1.09,66.28571428571429,62.56666666666667,2014,5,2,20,3,68.0,87.0,129.0,24.0,64.14285714285714,83.42857142857143,60.3,0.0,282.0
2014-05-16,88,1977,1.09,69.57142857142857,64.9,2014,5,2,20,4,102.0,65.0,94.0,57.0,66.28571428571429,81.5,62.56666666666667,0.0,8.0
2014-05-17,170,1807,1.09,79.28571428571429,69.76666666666667,2014,5,2,20,5,88.0,102.0,129.0,61.0,69.57142857142857,81.07142857142857,64.9,0.0,-170.0
2014-05-18,152,1655,1.09,89.85714285714286,72.93333333333334,2014,5,2,20,6,170.0,78.0,126.0,30.0,79.28571428571429,84.0,69.76666666666667,0.0,-152.0
2014-05-19,90,1661,1.09,95.71428571428571,73.9,2014,5,2,21,0,152.0,49.0,70.0,96.0,89.85714285714286,85.85714285714286,72.93333333333334,0.0,6.0
2014-05-20,101,1751,1.09,110.14285714285714,76.26666666666667,2014,5,2,21,1,90.0,0.0,48.0,0.0,95.71428571428571,87.28571428571429,73.9,0.0,90.0
2014-05-21,71,1680,1.43,110.57142857142857,75.43333333333334,2014,5,2,21,2,101.0,68.0,123.0,37.0,110.14285714285714,91.07142857142857,76.26666666666667,0.33999999999999986,-71.0
2014-05-22,48,2016,1.49,102.85714285714286,77.03333333333333,2014,5,2,21,3,71.0,102.0,87.0,30.0,110.57142857142857,87.35714285714286,75.43333333333334,0.06000000000000005,336.0
2014-05-23,40,1976,1.49,96.0,77.13333333333334,2014,5,2,21,4,48.0,88.0,65.0,38.0,102.85714285714286,84.57142857142857,77.03333333333333,0.0,-40.0
2014-05-24,93,1883,1.49,85.0,79.23333333333333,2014,5,2,21,5,40.0,170.0,102.0,88.0,96.0,82.78571428571429,77.13333333333334,0.0,-93.0
2014-05-25,45,1838,1.49,69.71428571428571,79.46666666666667,2014,5,2,21,6,93.0,152.0,78.0,64.0,85.0,82.14285714285714,79.23333333333333,0.0,-45.0
2014-05-26,58,1876,1.49,65.14285714285714,78.46666666666667,2014,5,2,22,0,45.0,90.0,49.0,13.0,69.71428571428571,79.78571428571429,79.46666666666667,0.0,38.0
2014-05-27,53,1919,1.49,58.285714285714285,78.1,2014,5,2,22,1,58.0,101.0,0.0,20.0,65.14285714285714,80.42857142857143,78.46666666666667,0.0,43.0
2014-05-28,42,3317,1.49,54.142857142857146,79.06666666666666,2014,5,2,22,2,53.0,71.0,68.0,31.0,58.285714285714285,84.21428571428571,78.1,0.0,1398.0
2014-05-29,52,3841,1.49,54.714285714285715,80.13333333333334,2014,5,2,22,3,42.0,48.0,102.0,129.0,54.142857142857146,82.35714285714286,79.06666666666666,0.0,524.0
2014-05-30,29,3811,1.99,53.142857142857146,80.06666666666666,2014,5,2,22,4,52.0,40.0,88.0,94.0,54.714285714285715,78.78571428571429,80.13333333333334,0.5,-30.0
2014-05-31,91,3720,1.99,52.857142857142854,78.8,2014,5,2,22,5,29.0,93.0,170.0,129.0,53.142857142857146,74.57142857142857,80.06666666666666,0.0,-91.0
2014-06-01,75,3645,1.99,57.142857142857146,78.16666666666667,2014,6,2,22,6,91.0,45.0,152.0,126.0,52.857142857142854,68.92857142857143,78.8,0.0,-75.0
2014-06-02,75,3570,1.99,59.57142857142857,76.36666666666666,2014,6,2,23,0,75.0,58.0,90.0,70.0,57.142857142857146,63.42857142857143,78.16666666666667,0.0,-75.0
2014-06-03,179,3391,1.19,77.57142857142857,78.13333333333334,2014,6,2,23,1,75.0,53.0,101.0,48.0,59.57142857142857,62.357142857142854,76.36666666666666,-0.8,-179.0
2014-06-04,252,3140,1.19,107.57142857142857,84.2,2014,6,2,23,2,179.0,42.0,71.0,123.0,77.57142857142857,67.92857142857143,78.13333333333334,0.0,-251.0
2014-06-05,202,2938,1.19,129.0,89.33333333333333,2014,6,2,23,3,252.0,52.0,48.0,87.0,107.57142857142857,80.85714285714286,84.2,0.0,-202.0
2014-06-06,161,2777,1.19,147.85714285714286,90.6,2014,6,2,23,4,202.0,29.0,40.0,65.0,129.0,91.85714285714286,89.33333333333333,0.0,-161.0
2014-06-07,331,2446,1.19,182.14285714285714,98.73333333333333,2014,6,2,23,5,161.0,91.0,93.0,102.0,147.85714285714286,100.5,90.6,0.0,-331.0
2014-06-08,271,2175,1.19,210.14285714285714,105.6,2014,6,2,23,6,331.0,75.0,45.0,78.0,182.14285714285714,117.5,98.73333333333333,0.0,-271.0
2014-06-09,146,1949,1.19,220.28571428571428,107.06666666666666,2014,6,2,24,0,271.0,75.0,58.0,49.0,210.14285714285714,133.64285714285714,105.6,0.0,-226.0
2014-06-10,2,1946,1.19,195.0,104.53333333333333,2014,6,2,24,1,146.0,179.0,53.0,0.0,220.28571428571428,139.92857142857142,107.06666666666666,0.0,-3.0
2014-06-11,2,2136,1.19,159.28571428571428,102.96666666666667,2014,6,2,24,2,2.0,252.0,42.0,68.0,195.0,136.28571428571428,104.53333333333333,0.0,190.0
2014-06-12,0,2136,0.0,130.42857142857142,102.96666666666667,2014,6,2,24,3,2.0,202.0,52.0,102.0,159.28571428571428,133.42857142857142,102.96666666666667,-1.19,0.0
2014-06-13,0,2328,1.49,107.42857142857143,100.7,2014,6,2,24,4,0.0,161.0,29.0,88.0,130.42857142857142,129.71428571428572,102.96666666666667,1.49,192.0
2014-06-14,0,2328,1.49,60.142857142857146,97.3,2014,6,2,24,5,0.0,331.0,91.0,170.0,107.42857142857143,127.64285714285714,100.7,0.0,0.0
2014-06-15,13,2315,1.49,23.285714285714285,94.8,2014,6,2,24,6,0.0,271.0,75.0,152.0,60.142857142857146,121.14285714285714,97.3,0.0,-13.0
2014-06-16,30,2285,1.49,6.714285714285714,90.13333333333334,2014,6,2,25,0,13.0,146.0,75.0,90.0,23.285714285714285,116.71428571428571,94.8,0.0,-30.0
2014-06-17,34,2251,1.49,11.285714285714286,86.2,2014,6,2,25,1,30.0,2.0,179.0,101.0,6.714285714285714,113.5,90.13333333333334,0.0,-34.0
2014-06-18,8,2243,1.49,12.142857142857142,83.46666666666667,2014,6,2,25,2,34.0,2.0,252.0,71.0,11.285714285714286,103.14285714285714,86.2,0.0,-8.0
2014-06-19,67,2176,1.29,21.714285714285715,82.33333333333333,2014,6,2,25,3,8.0,0.0,202.0,48.0,12.142857142857142,85.71428571428571,83.46666666666667,-0.19999999999999996,-67.0
2014-06-20,41,2135,1.29,27.571428571428573,81.33333333333333,2014,6,2,25,4,67.0,0.0,161.0,40.0,21.714285714285715,76.07142857142857,82.33333333333333,0.0,-41.0
2014-06-21,89,2046,1.29,40.285714285714285,82.7,2014,6,2,25,5,41.0,0.0,331.0,93.0,27.571428571428573,67.5,81.33333333333333,0.0,-89.0
2014-06-22,49,1997,1.29,45.42857142857143,83.0,2014,6,2,25,6,89.0,13.0,271.0,45.0,40.285714285714285,50.214285714285715,82.7,0.0,-49.0
2014-06-23,62,2031,1.29,50.0,81.96666666666667,2014,6,2,26,0,49.0,30.0,146.0,58.0,45.42857142857143,34.357142857142854,83.0,0.0,34.0
2014-06-24,81,2046,1.29,56.714285714285715,83.16666666666667,2014,6,2,26,1,62.0,34.0,2.0,53.0,50.0,28.357142857142858,81.96666666666667,0.0,15.0
2014-06-25,42,2004,1.29,61.57142857142857,82.63333333333334,2014,6,2,26,2,81.0,8.0,2.0,42.0,56.714285714285715,34.0,83.16666666666667,0.0,-42.0
2014-06-26,63,2037,1.29,61.0,82.96666666666667,2014,6,2,26,3,42.0,67.0,0.0,52.0,61.57142857142857,36.857142857142854,82.63333333333334,0.0,33.0
2014-06-27,107,1930,1.18,70.42857142857143,85.13333333333334,2014,6,2,26,4,63.0,41.0,0.0,29.0,61.0,41.357142857142854,82.96666666666667,-0.1100000000000001,-107.0
2014-06-28,83,1847,1.19,69.57142857142857,86.16666666666667,2014,6,2,26,5,107.0,89.0,0.0,91.0,70.42857142857143,49.0,85.13333333333334,0.010000000000000009,-83.0
2014-06-29,102,1745,1.19,77.14285714285714,88.6,2014,6,2,26,6,83.0,49.0,13.0,75.0,69.57142857142857,54.92857142857143,86.16666666666667,0.0,-102.0
2014-06-30,62,1779,1.29,77.14285714285714,87.63333333333334,2014,6,2,27,0,102.0,62.0,30.0,75.0,77.14285714285714,61.285714285714285,88.6,0.10000000000000009,34.0
2014-07-01,29,1750,1.29,69.71428571428571,86.1,2014,7,3,27,1,62.0,81.0,34.0,179.0,77.14285714285714,63.57142857142857,87.63333333333334,0.0,-29.0
2014-07-02,63,1687,1.29,72.71428571428571,85.7,2014,7,3,27,2,29.0,42.0,8.0,252.0,69.71428571428571,63.214285714285715,86.1,0.0,-63.0
2014-07-03,97,1590,1.29,77.57142857142857,82.96666666666667,2014,7,3,27,3,63.0,63.0,67.0,202.0,72.71428571428571,67.14285714285714,85.7,0.0,-97.0
2014-07-04,136,1454,1.29,81.71428571428571,79.1,2014,7,3,27,4,97.0,107.0,41.0,161.0,77.57142857142857,69.28571428571429,82.96666666666667,0.0,-136.0
2014-07-05,335,1119,1.29,117.71428571428571,83.53333333333333,2014,7,3,27,5,136.0,83.0,89.0,331.0,81.71428571428571,76.07142857142857,79.1,0.0,-335.0
2014-07-06,299,820,1.29,145.85714285714286,88.13333333333334,2014,7,3,27,6,335.0,102.0,49.0,271.0,117.71428571428571,93.64285714285714,83.53333333333333,0.0,-299.0
2014-07-07,5,814,1.29,137.71428571428572,77.26666666666667,2014,7,3,28,0,299.0,62.0,62.0,146.0,145.85714285714286,111.5,88.13333333333334,0.0,-6.0
2014-07-08,2,812,1.29,133.85714285714286,68.3,2014,7,3,28,1,5.0,29.0,81.0,2.0,137.71428571428572,107.42857142857143,77.26666666666667,0.0,-2.0
2014-07-09,9,803,1.29,126.14285714285714,63.733333333333334,2014,7,3,28,2,2.0,63.0,42.0,2.0,133.85714285714286,101.78571428571429,68.3,0.0,-9.0
2014-07-10,9,794,1.29,113.57142857142857,63.96666666666667,2014,7,3,28,3,9.0,97.0,63.0,0.0,126.14285714285714,99.42857142857143,63.733333333333334,0.0,-9.0
2014-07-11,0,794,1.29,94.14285714285714,63.9,2014,7,3,28,4,9.0,136.0,107.0,0.0,113.57142857142857,95.57142857142857,63.96666666666667,0.0,0.0
2014-07-12,0,794,1.29,46.285714285714285,63.9,2014,7,3,28,5,0.0,335.0,83.0,0.0,94.14285714285714,87.92857142857143,63.9,0.0,0.0
2014-07-13,0,794,1.29,3.5714285714285716,63.9,2014,7,3,28,6,0.0,299.0,102.0,13.0,46.285714285714285,82.0,63.9,0.0,0.0
2014-07-14,0,794,1.29,2.857142857142857,63.9,2014,7,3,29,0,0.0,5.0,62.0,30.0,3.5714285714285716,74.71428571428571,63.9,0.0,0.0
2014-07-15,0,794,0.0,2.5714285714285716,63.46666666666667,2014,7,3,29,1,0.0,2.0,29.0,34.0,2.857142857142857,70.28571428571429,63.9,-1.29,0.0
2014-07-16,0,794,0.0,1.2857142857142858,62.46666666666667,2014,7,3,29,2,0.0,9.0,63.0,8.0,2.5714285714285716,68.21428571428571,63.46666666666667,0.0,0.0
2014-07-17,0,794,0.0,0.0,61.333333333333336,2014,7,3,29,3,0.0,9.0,97.0,67.0,1.2857142857142858,63.714285714285715,62.46666666666667,0.0,0.0
2014-07-18,0,794,0.0,0.0,61.06666666666667,2014,7,3,29,4,0.0,0.0,136.0,41.0,0.0,56.785714285714285,61.333333333333336,0.0,0.0
2014-07-19,0,794,1.49,0.0,58.833333333333336,2014,7,3,29,5,0.0,0.0,335.0,89.0,0.0,47.07142857142857,61.06666666666667,1.49,0.0
2014-07-20,0,794,1.49,0.0,57.46666666666667,2014,7,3,29,6,0.0,0.0,299.0,49.0,0.0,23.142857142857142,58.833333333333336,0.0,0.0
2014-07-21,0,794,1.49,0.0,54.5,2014,7,3,30,0,0.0,0.0,5.0,62.0,0.0,1.7857142857142858,57.46666666666667,0.0,0.0
2014-07-22,2,792,1.49,0.2857142857142857,52.93333333333333,2014,7,3,30,1,0.0,0.0,2.0,81.0,0.0,1.4285714285714286,54.5,0.0,-2.0
2014-07-23,0,792,1.49,0.2857142857142857,50.86666666666667,2014,7,3,30,2,2.0,0.0,9.0,42.0,0.2857142857142857,1.4285714285714286,52.93333333333333,0.0,0.0
2014-07-24,0,888,1.49,0.2857142857142857,48.166666666666664,2014,7,3,30,3,0.0,0.0,9.0,63.0,0.2857142857142857,0.7857142857142857,50.86666666666667,0.0,96.0
2014-07-25,15,873,1.49,2.4285714285714284,47.266666666666666,2014,7,3,30,4,0.0,0.0,0.0,107.0,0.2857142857142857,0.14285714285714285,48.166666666666664,0.0,-15.0
2014-07-26,9,864,1.49,3.7142857142857144,45.46666666666667,2014,7,3,30,5,15.0,0.0,0.0,83.0,2.4285714285714284,1.2142857142857142,47.266666666666666,0.0,-9.0
2014-07-27,13,851,1.49,5.571428571428571,42.333333333333336,2014,7,3,30,6,9.0,0.0,0.0,102.0,3.7142857142857144,1.8571428571428572,45.46666666666667,0.0,-13.0
2014-07-28,15,1220,1.22,7.714285714285714,40.06666666666667,2014,7,3,31,0,13.0,0.0,0.0,62.0,5.571428571428571,2.7857142857142856,42.333333333333336,-0.27,369.0
2014-07-29,26,1207,2.98,11.142857142857142,37.53333333333333,2014,7,3,31,1,15.0,2.0,0.0,29.0,7.714285714285714,3.857142857142857,40.06666666666667,1.76,-13.0
2014-07-30,16,1191,1.55,13.428571428571429,36.0,2014,7,3,31,2,26.0,0.0,0.0,63.0,11.142857142857142,5.714285714285714,37.53333333333333,-1.43,-16.0
2014-07-31,51,1140,1.55,20.714285714285715,36.733333333333334,2014,7,3,31,3,16.0,0.0,0.0,97.0,13.428571428571429,6.857142857142857,36.0,0.0,-51.0
2014-08-01,47,1093,1.55,25.285714285714285,36.2,2014,8,3,31,4,51.0,15.0,0.0,136.0,20.714285714285715,10.5,36.733333333333334,0.0,-47.0
2014-08-02,56,1037,1.55,32.0,34.833333333333336,2014,8,3,31,5,47.0,9.0,0.0,335.0,25.285714285714285,13.857142857142858,36.2,0.0,-56.0
2014-08-03,45,992,1.55,36.57142857142857,31.8,2014,8,3,31,6,56.0,13.0,0.0,299.0,32.0,17.857142857142858,34.833333333333336,0.0,-45.0
2014-08-04,40,952,1.55,40.142857142857146,21.966666666666665,2014,8,3,32,0,45.0,15.0,0.0,5.0,36.57142857142857,21.071428571428573,31.8,0.0,-40.0
2014-08-05,17,935,1.55,38.857142857142854,12.566666666666666,2014,8,3,32,1,40.0,26.0,2.0,2.0,40.142857142857146,23.928571428571427,21.966666666666665,0.0,-17.0
2014-08-06,103,832,1.29,51.285714285714285,15.833333333333334,2014,8,3,32,2,17.0,16.0,0.0,9.0,38.857142857142854,25.0,12.566666666666666,-0.26,-103.0
2014-08-07,72,760,1.29,54.285714285714285,18.166666666666668,2014,8,3,32,3,103.0,51.0,0.0,9.0,51.285714285714285,32.357142857142854,15.833333333333334,0.0,-72.0
2014-08-08,56,704,1.29,55.57142857142857,19.733333333333334,2014,8,3,32,4,72.0,47.0,15.0,0.0,54.285714285714285,37.5,18.166666666666668,0.0,-56.0
2014-08-09,0,704,1.29,47.57142857142857,19.433333333333334,2014,8,3,32,5,56.0,56.0,9.0,0.0,55.57142857142857,40.42857142857143,19.733333333333334,0.0,0.0
2014-08-10,1,703,1.29,41.285714285714285,19.466666666666665,2014,8,3,32,6,0.0,45.0,13.0,0.0,47.57142857142857,39.785714285714285,19.433333333333334,0.0,-1.0
2014-08-11,0,703,1.29,35.57142857142857,19.466666666666665,2014,8,3,33,0,1.0,40.0,15.0,0.0,41.285714285714285,38.92857142857143,19.466666666666665,0.0,0.0
2014-08-12,0,703,1.29,33.142857142857146,19.466666666666665,2014,8,3,33,1,0.0,17.0,26.0,0.0,35.57142857142857,37.857142857142854,19.466666666666665,0.0,0.0
2014-08-13,0,703,1.29,18.428571428571427,19.466666666666665,2014,8,3,33,2,0.0,103.0,16.0,0.0,33.142857142857146,36.0,19.466666666666665,0.0,0.0
2014-08-14,0,703,1.29,8.142857142857142,19.466666666666665,2014,8,3,33,3,0.0,72.0,51.0,0.0,18.428571428571427,34.857142857142854,19.466666666666665,0.0,0.0
2014-08-15,0,703,1.55,0.14285714285714285,19.466666666666665,2014,8,3,33,4,0.0,56.0,47.0,0.0,8.142857142857142,31.214285714285715,19.466666666666665,0.26,0.0
2014-08-16,0,703,1.55,0.14285714285714285,19.466666666666665,2014,8,3,33,5,0.0,0.0,56.0,0.0,0.14285714285714285,27.857142857142858,19.466666666666665,0.0,0.0
2014-08-17,0,703,1.55,0.0,19.466666666666665,2014,8,3,33,6,0.0,1.0,45.0,0.0,0.14285714285714285,23.857142857142858,19.466666666666665,0.0,0.0
2014-08-18,0,2143,1.55,0.0,19.466666666666665,2014,8,3,34,0,0.0,0.0,40.0,0.0,0.0,20.642857142857142,19.466666666666665,0.0,1440.0
2014-08-19,0,2143,1.55,0.0,19.466666666666665,2014,8,3,34,1,0.0,0.0,17.0,2.0,0.0,17.785714285714285,19.466666666666665,0.0,0.0
2014-08-20,68,2075,1.55,9.714285714285714,21.733333333333334,2014,8,3,34,2,0.0,0.0,103.0,0.0,0.0,16.571428571428573,19.466666666666665,0.0,-68.0
2014-08-21,169,1908,1.19,33.857142857142854,27.3,2014,8,3,34,3,68.0,0.0,72.0,0.0,9.714285714285714,14.071428571428571,21.733333333333334,-0.3600000000000001,-167.0
2014-08-22,213,1695,1.19,64.28571428571429,34.4,2014,8,3,34,4,169.0,0.0,56.0,15.0,33.857142857142854,21.0,27.3,0.0,-213.0
2014-08-23,338,1356,1.19,112.57142857142857,45.666666666666664,2014,8,3,34,5,213.0,0.0,0.0,9.0,64.28571428571429,32.214285714285715,34.4,0.0,-339.0
2014-08-24,129,1227,1.19,131.0,49.46666666666667,2014,8,3,34,6,338.0,0.0,1.0,13.0,112.57142857142857,56.357142857142854,45.666666666666664,0.0,-129.0
2014-08-26,13,1271,1.19,132.85714285714286,49.6,2014,8,3,35,1,129.0,0.0,0.0,15.0,131.0,65.5,49.46666666666667,0.0,44.0
2014-08-27,85,1186,1.19,145.0,52.0,2014,8,3,35,2,13.0,0.0,0.0,26.0,132.85714285714286,66.42857142857143,49.6,0.0,-85.0
2014-08-28,0,1186,0.0,135.28571428571428,51.5,2014,8,3,35,3,85.0,68.0,0.0,16.0,145.0,72.5,52.0,-1.19,0.0
2014-08-29,0,1186,1.29,111.14285714285714,50.63333333333333,2014,8,3,35,4,0.0,169.0,0.0,51.0,135.28571428571428,72.5,51.5,1.29,0.0
2014-08-30,0,1186,1.29,80.71428571428571,50.1,2014,8,3,35,5,0.0,213.0,0.0,47.0,111.14285714285714,72.5,50.63333333333333,0.0,0.0
2014-08-31,0,1186,1.29,32.42857142857143,48.4,2014,8,3,35,6,0.0,338.0,0.0,56.0,80.71428571428571,72.5,50.1,0.0,0.0
2014-09-01,0,1474,1.29,14.0,46.833333333333336,2014,9,3,36,0,0.0,129.0,0.0,45.0,32.42857142857143,72.5,48.4,0.0,288.0
2014-09-02,0,1474,1.29,12.142857142857142,44.96666666666667,2014,9,3,36,1,0.0,13.0,0.0,40.0,14.0,72.5,46.833333333333336,0.0,0.0
2014-09-03,0,1474,1.29,0.0,43.46666666666667,2014,9,3,36,2,0.0,85.0,0.0,17.0,12.142857142857142,72.5,44.96666666666667,0.0,0.0
2014-09-04,0,1474,1.29,0.0,42.13333333333333,2014,9,3,36,3,0.0,0.0,68.0,103.0,0.0,72.5,43.46666666666667,0.0,0.0
2014-09-05,0,2146,1.29,0.0,41.56666666666667,2014,9,3,36,4,0.0,0.0,169.0,72.0,0.0,67.64285714285714,42.13333333333333,0.0,672.0
2014-09-06,0,2146,1.29,0.0,38.13333333333333,2014,9,3,36,5,0.0,0.0,213.0,56.0,0.0,55.57142857142857,41.56666666666667,0.0,0.0
2014-09-07,0,2146,1.29,0.0,35.733333333333334,2014,9,3,36,6,0.0,0.0,338.0,0.0,0.0,40.357142857142854,38.13333333333333,0.0,0.0
2014-09-08,64,2082,1.29,9.142857142857142,36.0,2014,9,3,37,0,0.0,0.0,129.0,1.0,0.0,16.214285714285715,35.733333333333334,0.0,-64.0
2014-09-09,154,1928,1.29,31.142857142857142,41.13333333333333,2014,9,3,37,1,64.0,0.0,13.0,0.0,9.142857142857142,11.571428571428571,36.0,0.0,-154.0
2014-09-10,143,1785,1.29,51.57142857142857,45.86666666666667,2014,9,3,37,2,154.0,0.0,85.0,0.0,31.142857142857142,21.642857142857142,41.13333333333333,0.0,-143.0
2014-09-11,96,1689,1.29,65.28571428571429,49.06666666666667,2014,9,3,37,3,143.0,0.0,0.0,0.0,51.57142857142857,25.785714285714285,45.86666666666667,0.0,-96.0
2014-09-12,140,1549,1.29,85.28571428571429,53.733333333333334,2014,9,3,37,4,96.0,0.0,0.0,0.0,65.28571428571429,32.642857142857146,49.06666666666667,0.0,-140.0
2014-09-13,67,1484,1.29,94.85714285714286,55.96666666666667,2014,9,3,37,5,140.0,0.0,0.0,0.0,85.28571428571429,42.642857142857146,53.733333333333334,0.0,-65.0
2014-09-14,3,1481,1.29,95.28571428571429,56.06666666666667,2014,9,3,37,6,67.0,0.0,0.0,0.0,94.85714285714286,47.42857142857143,55.96666666666667,0.0,-3.0
2014-09-15,71,1410,1.29,96.28571428571429,58.43333333333333,2014,9,3,38,0,3.0,64.0,0.0,0.0,95.28571428571429,47.642857142857146,56.06666666666667,0.0,-71.0
2014-09-16,58,1352,1.29,82.57142857142857,60.36666666666667,2014,9,3,38,1,71.0,154.0,0.0,0.0,96.28571428571429,52.714285714285715,58.43333333333333,0.0,-58.0
2014-09-17,62,1962,1.29,71.0,62.43333333333333,2014,9,3,38,2,58.0,143.0,0.0,0.0,82.57142857142857,56.857142857142854,60.36666666666667,0.0,610.0
2014-09-18,62,1996,1.29,66.14285714285714,64.5,2014,9,3,38,3,62.0,96.0,0.0,68.0,71.0,61.285714285714285,62.43333333333333,0.0,34.0
2014-09-19,62,2126,1.29,55.0,66.56666666666666,2014,9,3,38,4,62.0,140.0,0.0,169.0,66.14285714285714,65.71428571428571,64.5,0.0,130.0
2014-09-20,168,2532,1.29,69.42857142857143,69.9,2014,9,3,38,5,62.0,67.0,0.0,213.0,55.0,70.14285714285714,66.56666666666666,0.0,406.0
2014-09-21,99,2433,1.29,83.14285714285714,67.56666666666666,2014,9,3,38,6,168.0,3.0,0.0,338.0,69.42857142857143,82.14285714285714,69.9,0.0,-99.0
2014-09-22,39,2394,1.29,78.57142857142857,61.766666666666666,2014,9,3,39,0,99.0,71.0,64.0,129.0,83.14285714285714,89.21428571428571,67.56666666666666,0.0,-39.0
2014-09-23,64,2285,1.29,79.42857142857143,52.63333333333333,2014,9,3,39,1,39.0,58.0,154.0,13.0,78.57142857142857,87.42857142857143,61.766666666666666,0.0,-109.0
2014-09-24,117,2168,1.29,87.28571428571429,52.233333333333334,2014,9,3,39,2,64.0,62.0,143.0,85.0,79.42857142857143,81.0,52.63333333333333,0.0,-117.0
2014-09-25,104,2064,1.29,93.28571428571429,55.266666666666666,2014,9,3,39,3,117.0,62.0,96.0,0.0,87.28571428571429,79.14285714285714,52.233333333333334,0.0,-104.0
2014-09-26,108,1956,1.29,99.85714285714286,56.03333333333333,2014,9,3,39,4,104.0,62.0,140.0,0.0,93.28571428571429,79.71428571428571,55.266666666666666,0.0,-108.0
2014-09-27,234,1014,1.29,109.28571428571429,63.833333333333336,2014,9,3,39,5,108.0,168.0,67.0,0.0,99.85714285714286,77.42857142857143,56.03333333333333,0.0,-942.0
2014-09-28,97,917,1.29,109.0,67.06666666666666,2014,9,3,39,6,234.0,99.0,3.0,0.0,109.28571428571429,89.35714285714286,63.833333333333336,0.0,-97.0
2014-09-29,85,832,1.29,115.57142857142857,69.9,2014,9,3,40,0,97.0,39.0,71.0,0.0,109.0,96.07142857142857,67.06666666666666,0.0,-85.0
2014-09-30,88,1896,1.29,119.0,72.83333333333333,2014,9,3,40,1,85.0,64.0,58.0,0.0,115.57142857142857,97.07142857142857,69.9,0.0,1064.0
2014-10-01,190,1801,1.29,129.42857142857142,79.16666666666667,2014,10,4,40,2,88.0,117.0,62.0,0.0,119.0,99.21428571428571,72.83333333333333,0.0,-95.0
2014-10-02,163,1637,1.29,137.85714285714286,84.6,2014,10,4,40,3,190.0,104.0,62.0,0.0,129.42857142857142,108.35714285714286,79.16666666666667,0.0,-164.0
2014-10-03,90,1835,1.29,135.28571428571428,87.6,2014,10,4,40,4,163.0,108.0,62.0,0.0,137.85714285714286,115.57142857142857,84.6,0.0,198.0
2014-10-04,105,1730,1.29,116.85714285714286,91.1,2014,10,4,40,5,90.0,234.0,168.0,0.0,135.28571428571428,117.57142857142857,87.6,0.0,-105.0
2014-10-05,47,1683,1.29,109.71428571428571,92.66666666666667,2014,10,4,40,6,105.0,97.0,99.0,0.0,116.85714285714286,113.07142857142857,91.1,0.0,-47.0
2014-10-06,66,2097,1.29,107.0,94.86666666666666,2014,10,4,41,0,47.0,85.0,39.0,64.0,109.71428571428571,109.35714285714286,92.66666666666667,0.0,414.0
2014-10-07,84,2109,1.29,106.42857142857143,97.66666666666667,2014,10,4,41,1,66.0,88.0,64.0,154.0,107.0,111.28571428571429,94.86666666666666,0.0,12.0
2014-10-08,80,2028,1.29,90.71428571428571,98.2,2014,10,4,41,2,84.0,190.0,117.0,143.0,106.42857142857143,112.71428571428571,97.66666666666667,0.0,-81.0
2014-10-09,97,1934,1.29,81.28571428571429,96.3,2014,10,4,41,3,80.0,163.0,104.0,96.0,90.71428571428571,110.07142857142857,98.2,0.0,-94.0
2014-10-10,64,2254,1.29,77.57142857142857,93.66666666666667,2014,10,4,41,4,97.0,90.0,108.0,140.0,81.28571428571429,109.57142857142857,96.3,0.0,320.0
2014-10-11,128,2126,1.29,80.85714285714286,94.73333333333333,2014,10,4,41,5,64.0,105.0,234.0,67.0,77.57142857142857,106.42857142857143,93.66666666666667,0.0,-128.0
2014-10-12,85,2041,1.29,86.28571428571429,92.9,2014,10,4,41,6,128.0,47.0,97.0,3.0,80.85714285714286,98.85714285714286,94.73333333333333,0.0,-85.0
2014-10-13,50,2087,1.29,84.0,92.33333333333333,2014,10,4,42,0,85.0,66.0,85.0,71.0,86.28571428571429,98.0,92.9,0.0,46.0
2014-10-14,91,1996,1.29,85.0,95.26666666666667,2014,10,4,42,1,50.0,84.0,88.0,58.0,84.0,95.5,92.33333333333333,0.0,-91.0
2014-10-15,93,1903,1.29,86.85714285714286,96.0,2014,10,4,42,2,91.0,80.0,190.0,62.0,85.0,95.71428571428571,95.26666666666667,0.0,-93.0
2014-10-16,50,1852,1.29,80.14285714285714,95.73333333333333,2014,10,4,42,3,93.0,97.0,163.0,62.0,86.85714285714286,88.78571428571429,96.0,0.0,-51.0
2014-10-17,85,2246,1.29,83.14285714285714,96.5,2014,10,4,42,4,50.0,64.0,90.0,62.0,80.14285714285714,80.71428571428571,95.73333333333333,0.0,394.0
2014-10-18,129,2117,1.29,83.28571428571429,98.73333333333333,2014,10,4,42,5,85.0,128.0,105.0,168.0,83.14285714285714,80.35714285714286,96.5,0.0,-129.0
2014-10-19,119,1998,1.29,88.14285714285714,100.63333333333334,2014,10,4,42,6,129.0,85.0,47.0,99.0,83.28571428571429,82.07142857142857,98.73333333333333,0.0,-119.0
2014-10-20,45,2049,1.29,87.42857142857143,96.53333333333333,2014,10,4,43,0,119.0,50.0,66.0,39.0,88.14285714285714,87.21428571428571,100.63333333333334,0.0,51.0
2014-10-21,78,2067,1.29,85.57142857142857,95.83333333333333,2014,10,4,43,1,45.0,91.0,84.0,64.0,87.42857142857143,85.71428571428571,96.53333333333333,0.0,18.0
2014-10-22,90,1977,1.29,85.14285714285714,97.53333333333333,2014,10,4,43,2,78.0,93.0,80.0,117.0,85.57142857142857,85.28571428571429,95.83333333333333,0.0,-90.0
2014-10-23,78,1899,1.29,89.14285714285714,98.0,2014,10,4,43,3,90.0,50.0,97.0,104.0,85.14285714285714,86.0,97.53333333333333,0.0,-78.0
2014-10-24,62,1837,1.29,85.85714285714286,96.16666666666667,2014,10,4,43,4,78.0,85.0,64.0,108.0,89.14285714285714,84.64285714285714,98.0,0.0,-62.0
2014-10-25,97,1740,1.29,81.28571428571429,95.93333333333334,2014,10,4,43,5,62.0,129.0,128.0,234.0,85.85714285714286,84.5,96.16666666666667,0.0,-97.0
2014-10-26,111,1629,1.29,80.14285714285714,96.03333333333333,2014,10,4,43,6,97.0,119.0,85.0,97.0,81.28571428571429,82.28571428571429,95.93333333333334,0.0,-111.0
2014-10-27,55,1574,1.29,81.57142857142857,90.06666666666666,2014,10,4,44,0,111.0,45.0,50.0,85.0,80.14285714285714,84.14285714285714,96.03333333333333,0.0,-55.0
2014-10-28,60,1510,1.29,79.0,88.83333333333333,2014,10,4,44,1,55.0,78.0,91.0,88.0,81.57142857142857,84.5,90.06666666666666,0.0,-64.0
2014-10-29,61,1449,1.29,74.85714285714286,88.03333333333333,2014,10,4,44,2,60.0,90.0,93.0,190.0,79.0,82.28571428571429,88.83333333333333,0.0,-61.0
2014-10-30,81,1368,1.49,75.28571428571429,87.8,2014,10,4,44,3,61.0,78.0,50.0,163.0,74.85714285714286,80.0,88.03333333333333,0.19999999999999996,-81.0
2014-10-31,131,1237,1.49,85.14285714285714,85.83333333333333,2014,10,4,44,4,81.0,62.0,85.0,90.0,75.28571428571429,82.21428571428571,87.8,0.0,-131.0
2014-11-01,160,1077,1.49,94.14285714285714,85.73333333333333,2014,11,4,44,5,131.0,97.0,129.0,105.0,85.14285714285714,85.5,85.83333333333333,0.0,-160.0
2014-11-02,131,946,1.49,97.0,87.1,2014,11,4,44,6,160.0,111.0,119.0,47.0,94.14285714285714,87.71428571428571,85.73333333333333,0.0,-131.0
2014-11-03,43,903,1.49,95.28571428571429,85.03333333333333,2014,11,4,45,0,131.0,55.0,45.0,66.0,97.0,88.57142857142857,87.1,0.0,-43.0
2014-11-04,34,869,1.49,91.57142857142857,84.6,2014,11,4,45,1,43.0,60.0,78.0,84.0,95.28571428571429,88.42857142857143,85.03333333333333,0.0,-34.0
2014-11-05,33,836,1.49,87.57142857142857,83.5,2014,11,4,45,2,34.0,61.0,90.0,80.0,91.57142857142857,85.28571428571429,84.6,0.0,-33.0
2014-11-06,37,799,1.49,81.28571428571429,81.93333333333334,2014,11,4,45,3,33.0,81.0,78.0,97.0,87.57142857142857,81.21428571428571,83.5,0.0,-37.0
2014-11-07,82,717,1.49,74.28571428571429,82.0,2014,11,4,45,4,37.0,131.0,62.0,64.0,81.28571428571429,78.28571428571429,81.93333333333334,0.0,-82.0
2014-11-08,542,175,1.49,128.85714285714286,96.83333333333333,2014,11,4,45,5,82.0,160.0,97.0,128.0,74.28571428571429,79.71428571428571,82.0,0.0,-542.0
2014-11-09,239,0,1.49,144.28571428571428,102.66666666666667,2014,11,4,45,6,542.0,131.0,111.0,85.0,128.85714285714286,111.5,96.83333333333333,0.0,-175.0
2014-11-10,51,0,1.49,145.42857142857142,100.1,2014,11,4,46,0,239.0,43.0,55.0,50.0,144.28571428571428,120.64285714285714,102.66666666666667,0.0,0.0
2014-11-11,51,80,1.49,147.85714285714286,98.96666666666667,2014,11,4,46,1,51.0,34.0,60.0,91.0,145.42857142857142,120.35714285714286,100.1,0.0,80.0
2014-11-12,41,34,1.49,149.0,98.66666666666667,2014,11,4,46,2,51.0,33.0,61.0,93.0,147.85714285714286,119.71428571428571,98.96666666666667,0.0,-46.0
2014-11-13,1,33,1.49,143.85714285714286,95.66666666666667,2014,11,4,46,3,41.0,37.0,81.0,50.0,149.0,118.28571428571429,98.66666666666667,0.0,-1.0
2014-11-14,0,33,1.49,132.14285714285714,92.56666666666666,2014,11,4,46,4,1.0,82.0,131.0,85.0,143.85714285714286,112.57142857142857,95.66666666666667,0.0,0.0
2014-11-15,1,32,1.49,54.857142857142854,90.93333333333334,2014,11,4,46,5,0.0,542.0,160.0,129.0,132.14285714285714,103.21428571428571,92.56666666666666,0.0,-1.0
2014-11-16,0,32,1.49,20.714285714285715,88.1,2014,11,4,46,6,1.0,239.0,131.0,119.0,54.857142857142854,91.85714285714286,90.93333333333334,0.0,0.0
2014-11-17,0,32,1.49,13.428571428571429,83.8,2014,11,4,47,0,0.0,51.0,43.0,45.0,20.714285714285715,82.5,88.1,0.0,0.0
2014-11-18,7,25,1.49,7.142857142857143,80.06666666666666,2014,11,4,47,1,0.0,51.0,34.0,78.0,13.428571428571429,79.42857142857143,83.8,0.0,-7.0
2014-11-19,1,24,1.49,1.4285714285714286,78.6,2014,11,4,47,2,7.0,41.0,33.0,90.0,7.142857142857143,77.5,80.06666666666666,0.0,-1.0
2014-11-20,4,20,1.29,1.8571428571428572,76.13333333333334,2014,11,4,47,3,1.0,1.0,37.0,78.0,1.4285714285714286,75.21428571428571,78.6,-0.19999999999999996,-4.0
2014-11-21,1,19,1.29,2.0,73.16666666666667,2014,11,4,47,4,4.0,0.0,82.0,62.0,1.8571428571428572,72.85714285714286,76.13333333333334,0.0,-1.0
2014-11-22,1,18,1.29,2.0,70.6,2014,11,4,47,5,1.0,1.0,542.0,97.0,2.0,67.07142857142857,73.16666666666667,0.0,-1.0
2014-11-23,2,16,1.29,2.2857142857142856,68.6,2014,11,4,47,6,1.0,0.0,239.0,111.0,2.0,28.428571428571427,70.6,0.0,-2.0
2014-11-24,0,16,1.29,2.2857142857142856,65.36666666666666,2014,11,4,48,0,2.0,0.0,51.0,55.0,2.2857142857142856,11.5,68.6,0.0,0.0
2014-11-25,0,16,1.29,1.2857142857142858,61.666666666666664,2014,11,4,48,1,0.0,7.0,51.0,60.0,2.2857142857142856,7.857142857142857,65.36666666666666,0.0,0.0
2014-11-26,0,16,1.29,1.1428571428571428,59.833333333333336,2014,11,4,48,2,0.0,1.0,41.0,61.0,1.2857142857142858,4.214285714285714,61.666666666666664,0.0,0.0
2014-11-27,0,16,1.29,0.5714285714285714,57.833333333333336,2014,11,4,48,3,0.0,4.0,1.0,81.0,1.1428571428571428,1.2857142857142858,59.833333333333336,0.0,0.0
2014-11-28,0,16,1.29,0.42857142857142855,55.8,2014,11,4,48,4,0.0,1.0,0.0,131.0,0.5714285714285714,1.2142857142857142,57.833333333333336,0.0,0.0
2014-11-29,0,16,1.29,0.2857142857142857,53.1,2014,11,4,48,5,0.0,1.0,1.0,160.0,0.42857142857142855,1.2142857142857142,55.8,0.0,0.0
2014-11-30,0,16,1.29,0.0,48.733333333333334,2014,11,4,48,6,0.0,2.0,0.0,131.0,0.2857142857142857,1.1428571428571428,53.1,0.0,0.0
2014-12-01,0,16,1.29,0.0,43.4,2014,12,4,49,0,0.0,0.0,0.0,43.0,0.0,1.1428571428571428,48.733333333333334,0.0,0.0
2014-12-02,0,16,1.29,0.0,39.03333333333333,2014,12,4,49,1,0.0,0.0,7.0,34.0,0.0,1.1428571428571428,43.4,0.0,0.0
2014-12-03,0,16,1.29,0.0,37.6,2014,12,4,49,2,0.0,0.0,1.0,33.0,0.0,0.6428571428571429,39.03333333333333,0.0,0.0
2014-12-04,0,16,1.29,0.0,36.46666666666667,2014,12,4,49,3,0.0,0.0,4.0,37.0,0.0,0.5714285714285714,37.6,0.0,0.0
2014-12-05,0,16,1.49,0.0,35.36666666666667,2014,12,4,49,4,0.0,0.0,1.0,82.0,0.0,0.2857142857142857,36.46666666666667,0.19999999999999996,0.0
2014-12-06,0,16,1.49,0.0,34.13333333333333,2014,12,4,49,5,0.0,0.0,1.0,542.0,0.0,0.21428571428571427,35.36666666666667,0.0,0.0
2014-12-07,0,16,1.49,0.0,31.4,2014,12,4,49,6,0.0,0.0,2.0,239.0,0.0,0.14285714285714285,34.13333333333333,0.0,0.0
2014-12-08,0,16,1.49,0.0,13.333333333333334,2014,12,4,50,0,0.0,0.0,0.0,51.0,0.0,0.0,31.4,0.0,0.0
2014-12-09,0,16,1.49,0.0,5.366666666666666,2014,12,4,50,1,0.0,0.0,0.0,51.0,0.0,0.0,13.333333333333334,0.0,0.0
2014-12-10,0,16,1.49,0.0,3.6666666666666665,2014,12,4,50,2,0.0,0.0,0.0,41.0,0.0,0.0,5.366666666666666,0.0,0.0
2014-12-11,0,16,1.49,0.0,1.9666666666666666,2014,12,4,50,3,0.0,0.0,0.0,1.0,0.0,0.0,3.6666666666666665,0.0,0.0
2014-12-12,0,16,1.49,0.0,0.6,2014,12,4,50,4,0.0,0.0,0.0,0.0,0.0,0.0,1.9666666666666666,0.0,0.0
2014-12-13,0,16,1.49,0.0,0.5666666666666667,2014,12,4,50,5,0.0,0.0,0.0,1.0,0.0,0.0,0.6,0.0,0.0
2014-12-14,0,16,1.49,0.0,0.5666666666666667,2014,12,4,50,6,0.0,0.0,0.0,0.0,0.0,0.0,0.5666666666666667,0.0,0.0
2014-12-15,0,688,1.49,0.0,0.5333333333333333,2014,12,4,51,0,0.0,0.0,0.0,0.0,0.0,0.0,0.5666666666666667,0.0,672.0
2014-12-16,49,735,1.49,7.0,2.1666666666666665,2014,12,4,51,1,0.0,0.0,0.0,7.0,0.0,0.0,0.5333333333333333,0.0,47.0
2014-12-17,157,578,1.29,29.428571428571427,7.4,2014,12,4,51,2,49.0,0.0,0.0,1.0,7.0,3.5,2.1666666666666665,-0.19999999999999996,-157.0
2014-12-18,193,385,1.29,57.0,13.6,2014,12,4,51,3,157.0,0.0,0.0,4.0,29.428571428571427,14.714285714285714,7.4,0.0,-193.0
2014-12-19,94,291,1.29,70.42857142857143,16.7,2014,12,4,51,4,193.0,0.0,0.0,1.0,57.0,28.5,13.6,0.0,-94.0
2014-12-20,135,156,1.29,89.71428571428571,21.066666666666666,2014,12,4,51,5,94.0,0.0,0.0,1.0,70.42857142857143,35.214285714285715,16.7,0.0,-135.0
2014-12-21,118,38,1.29,106.57142857142857,24.966666666666665,2014,12,4,51,6,135.0,0.0,0.0,2.0,89.71428571428571,44.857142857142854,21.066666666666666,0.0,-118.0
2014-12-22,18,116,1.29,109.14285714285714,25.533333333333335,2014,12,4,52,0,118.0,0.0,0.0,0.0,106.57142857142857,53.285714285714285,24.966666666666665,0.0,78.0
2014-12-23,0,116,1.29,102.14285714285714,25.466666666666665,2014,12,4,52,1,18.0,49.0,0.0,0.0,109.14285714285714,54.57142857142857,25.533333333333335,0.0,0.0
2014-12-24,14,102,1.29,81.71428571428571,25.933333333333334,2014,12,4,52,2,0.0,157.0,0.0,0.0,102.14285714285714,54.57142857142857,25.466666666666665,0.0,-14.0
2014-12-25,0,102,1.29,54.142857142857146,25.933333333333334,2014,12,4,52,3,14.0,193.0,0.0,0.0,81.71428571428571,55.57142857142857,25.933333333333334,0.0,0.0
2014-12-26,20,82,1.29,43.57142857142857,26.6,2014,12,4,52,4,0.0,94.0,0.0,0.0,54.142857142857146,55.57142857142857,25.933333333333334,0.0,-20.0
2014-12-27,42,328,1.29,30.285714285714285,28.0,2014,12,4,52,5,20.0,135.0,0.0,0.0,43.57142857142857,57.0,26.6,0.0,246.0
2014-12-28,45,283,1.29,19.857142857142858,29.5,2014,12,4,52,6,42.0,118.0,0.0,0.0,30.285714285714285,60.0,28.0,0.0,-45.0
2014-12-29,55,612,1.29,25.142857142857142,31.333333333333332,2014,12,4,1,0,45.0,18.0,0.0,0.0,19.857142857142858,63.214285714285715,29.5,0.0,329.0
2014-12-30,59,553,1.29,33.57142857142857,33.3,2014,12,4,1,1,55.0,0.0,49.0,0.0,25.142857142857142,67.14285714285714,31.333333333333332,0.0,-59.0
2014-12-31,11,542,1.29,33.142857142857146,33.666666666666664,2014,12,4,1,2,59.0,14.0,157.0,0.0,33.57142857142857,67.85714285714286,33.3,0.0,-11.0
2015-01-01,0,542,1.29,33.142857142857146,33.666666666666664,2015,1,1,1,3,11.0,0.0,193.0,0.0,33.142857142857146,57.42857142857143,33.666666666666664,0.0,0.0
2015-01-02,77,561,1.29,41.285714285714285,36.233333333333334,2015,1,1,1,4,0.0,20.0,94.0,0.0,33.142857142857146,43.642857142857146,33.666666666666664,0.0,19.0
2015-01-03,60,2229,1.29,43.857142857142854,38.233333333333334,2015,1,1,1,5,77.0,42.0,135.0,0.0,41.285714285714285,42.42857142857143,36.233333333333334,0.0,1668.0
2015-01-04,1,2228,1.29,37.57142857142857,38.266666666666666,2015,1,1,1,6,60.0,45.0,118.0,0.0,43.857142857142854,37.07142857142857,38.233333333333334,0.0,-1.0
2015-01-05,69,2351,1.29,39.57142857142857,40.56666666666667,2015,1,1,2,0,1.0,55.0,18.0,0.0,37.57142857142857,28.714285714285715,38.266666666666666,0.0,123.0
2015-01-06,98,2253,1.29,45.142857142857146,43.833333333333336,2015,1,1,2,1,69.0,59.0,0.0,0.0,39.57142857142857,32.357142857142854,40.56666666666667,0.0,-98.0
2015-01-07,119,2134,1.29,60.57142857142857,47.8,2015,1,1,2,2,98.0,11.0,14.0,0.0,45.142857142857146,39.357142857142854,43.833333333333336,0.0,-119.0
2015-01-08,93,2137,1.29,73.85714285714286,50.9,2015,1,1,2,3,119.0,0.0,0.0,0.0,60.57142857142857,46.857142857142854,47.8,0.0,3.0
2015-01-09,92,2045,1.29,76.0,53.96666666666667,2015,1,1,2,4,93.0,77.0,20.0,0.0,73.85714285714286,53.5,50.9,0.0,-92.0
2015-01-10,112,1933,1.29,83.42857142857143,57.7,2015,1,1,2,5,92.0,60.0,42.0,0.0,76.0,58.642857142857146,53.96666666666667,0.0,-112.0
2015-01-11,96,1837,1.29,97.0,60.9,2015,1,1,2,6,112.0,1.0,45.0,0.0,83.42857142857143,63.642857142857146,57.7,0.0,-96.0
2015-01-12,93,1744,1.29,100.42857142857143,64.0,2015,1,1,3,0,96.0,69.0,55.0,0.0,97.0,67.28571428571429,60.9,0.0,-93.0
2015-01-13,65,1679,1.29,95.71428571428571,66.16666666666667,2015,1,1,3,1,93.0,98.0,59.0,49.0,100.42857142857143,70.0,64.0,0.0,-65.0
2015-01-14,100,1581,1.29,93.0,69.5,2015,1,1,3,2,65.0,119.0,11.0,157.0,95.71428571428571,70.42857142857143,66.16666666666667,0.0,-98.0
2015-01-15,51,1530,1.49,87.0,69.56666666666666,2015,1,1,3,3,100.0,93.0,0.0,193.0,93.0,76.78571428571429,69.5,0.19999999999999996,-51.0
2015-01-16,55,1475,1.49,81.71428571428571,66.16666666666667,2015,1,1,3,4,51.0,92.0,77.0,94.0,87.0,80.42857142857143,69.56666666666666,0.0,-55.0
2015-01-17,71,1403,1.49,75.85714285714286,62.1,2015,1,1,3,5,55.0,112.0,60.0,135.0,81.71428571428571,78.85714285714286,66.16666666666667,0.0,-72.0
2015-01-18,57,1346,1.49,70.28571428571429,60.86666666666667,2015,1,1,3,6,71.0,96.0,1.0,118.0,75.85714285714286,79.64285714285714,62.1,0.0,-57.0
2015-01-19,34,1312,1.49,61.857142857142854,57.5,2015,1,1,4,0,57.0,93.0,69.0,18.0,70.28571428571429,83.64285714285714,60.86666666666667,0.0,-34.0
2015-01-20,47,1265,1.49,59.285714285714285,55.13333333333333,2015,1,1,4,1,34.0,65.0,98.0,0.0,61.857142857142854,81.14285714285714,57.5,0.0,-47.0
2015-01-21,88,1177,1.29,57.57142857142857,57.46666666666667,2015,1,1,4,2,47.0,100.0,119.0,14.0,59.285714285714285,77.5,55.13333333333333,-0.19999999999999996,-88.0
2015-01-22,51,1126,1.29,57.57142857142857,59.166666666666664,2015,1,1,4,3,88.0,51.0,93.0,0.0,57.57142857142857,75.28571428571429,57.46666666666667,0.0,-51.0
2015-01-23,49,1076,1.29,56.714285714285715,60.333333333333336,2015,1,1,4,4,51.0,55.0,92.0,20.0,57.57142857142857,72.28571428571429,59.166666666666664,0.0,-50.0
2015-01-24,110,966,1.29,62.285714285714285,64.0,2015,1,1,4,5,49.0,71.0,112.0,42.0,56.714285714285715,69.21428571428571,60.333333333333336,0.0,-110.0
2015-01-25,30,936,1.29,58.42857142857143,64.33333333333333,2015,1,1,4,6,110.0,57.0,96.0,45.0,62.285714285714285,69.07142857142857,64.0,0.0,-30.0
2015-01-26,59,877,1.29,62.0,64.9,2015,1,1,5,0,30.0,34.0,93.0,55.0,58.42857142857143,64.35714285714286,64.33333333333333,0.0,-59.0
2015-01-27,97,780,1.29,69.14285714285714,66.63333333333334,2015,1,1,5,1,59.0,47.0,65.0,59.0,62.0,61.92857142857143,64.9,0.0,-97.0
2015-01-28,155,625,1.29,78.71428571428571,69.96666666666667,2015,1,1,5,2,97.0,88.0,100.0,11.0,69.14285714285714,64.21428571428571,66.63333333333334,0.0,-155.0
2015-01-29,125,500,1.29,89.28571428571429,72.16666666666667,2015,1,1,5,3,155.0,51.0,51.0,0.0,78.71428571428571,68.14285714285714,69.96666666666667,0.0,-125.0
2015-01-30,100,496,1.29,96.57142857142857,75.13333333333334,2015,1,1,5,4,125.0,49.0,55.0,77.0,89.28571428571429,73.42857142857143,72.16666666666667,0.0,-4.0
2015-01-31,211,285,1.29,111.0,82.16666666666667,2015,1,1,5,5,100.0,110.0,71.0,60.0,96.57142857142857,76.64285714285714,75.13333333333334,0.0,-211.0
2015-02-01,88,197,1.29,119.28571428571429,82.53333333333333,2015,2,1,5,6,211.0,30.0,57.0,1.0,111.0,86.64285714285714,82.16666666666667,0.0,-88.0
2015-02-02,114,467,1.29,127.14285714285714,84.33333333333333,2015,2,1,6,0,88.0,59.0,34.0,69.0,119.28571428571429,88.85714285714286,82.53333333333333,0.0,270.0
2015-02-03,89,570,1.29,126.0,87.26666666666667,2015,2,1,6,1,114.0,97.0,47.0,98.0,127.14285714285714,94.57142857142857,84.33333333333333,0.0,103.0
2015-02-04,118,548,1.29,120.71428571428571,88.9,2015,2,1,6,2,89.0,155.0,88.0,119.0,126.0,97.57142857142857,87.26666666666667,0.0,-22.0
2015-02-05,84,1136,1.29,114.85714285714286,88.43333333333334,2015,2,1,6,3,118.0,125.0,51.0,93.0,120.71428571428571,99.71428571428571,88.9,0.0,588.0
2015-02-06,125,1299,1.29,118.42857142857143,88.63333333333334,2015,2,1,6,4,84.0,100.0,49.0,92.0,114.85714285714286,102.07142857142857,88.43333333333334,0.0,163.0
2015-02-07,184,1211,1.04,114.57142857142857,91.66666666666667,2015,2,1,6,5,125.0,211.0,110.0,112.0,118.42857142857143,107.5,88.63333333333334,-0.25,-88.0
2015-02-08,107,1104,1.29,117.28571428571429,92.16666666666667,2015,2,1,6,6,184.0,88.0,30.0,96.0,114.57142857142857,112.78571428571429,91.66666666666667,0.25,-107.0
2015-02-09,70,1033,1.29,111.0,90.76666666666667,2015,2,1,7,0,107.0,114.0,59.0,93.0,117.28571428571429,118.28571428571429,92.16666666666667,0.0,-71.0
2015-02-10,66,1063,1.29,107.71428571428571,89.76666666666667,2015,2,1,7,1,70.0,89.0,97.0,65.0,111.0,119.07142857142857,90.76666666666667,0.0,30.0
2015-02-11,89,974,1.29,103.57142857142857,89.63333333333334,2015,2,1,7,2,66.0,118.0,155.0,100.0,107.71428571428571,116.85714285714286,89.76666666666667,0.0,-89.0
2015-02-12,50,1116,2.84,98.71428571428571,89.13333333333334,2015,2,1,7,3,89.0,84.0,125.0,51.0,103.57142857142857,112.14285714285714,89.63333333333334,1.5499999999999998,142.0
2015-02-13,20,1096,2.89,83.71428571428571,86.46666666666667,2015,2,1,7,4,50.0,125.0,100.0,55.0,98.71428571428571,106.78571428571429,89.13333333333334,0.050000000000000266,-20.0
2015-02-14,77,1019,2.89,68.42857142857143,87.33333333333333,2015,2,1,7,5,20.0,184.0,211.0,71.0,83.71428571428571,101.07142857142857,86.46666666666667,0.0,-77.0
2015-02-15,33,986,2.89,57.857142857142854,86.6,2015,2,1,7,6,77.0,107.0,88.0,57.0,68.42857142857143,91.5,87.33333333333333,0.0,-33.0
2015-02-16,47,1035,2.89,54.57142857142857,85.8,2015,2,1,8,0,33.0,70.0,114.0,34.0,57.857142857142854,87.57142857142857,86.6,0.0,49.0
2015-02-17,35,1000,2.89,50.142857142857146,85.06666666666666,2015,2,1,8,1,47.0,66.0,89.0,47.0,54.57142857142857,82.78571428571429,85.8,0.0,-35.0
2015-02-18,60,1228,2.89,46.0,85.93333333333334,2015,2,1,8,2,35.0,89.0,118.0,88.0,50.142857142857146,78.92857142857143,85.06666666666666,0.0,228.0
2015-02-19,31,1197,2.89,43.285714285714285,85.4,2015,2,1,8,3,60.0,50.0,84.0,51.0,46.0,74.78571428571429,85.93333333333334,0.0,-31.0
2015-02-20,35,1162,2.89,45.42857142857143,83.63333333333334,2015,2,1,8,4,31.0,20.0,125.0,49.0,43.285714285714285,71.0,85.4,0.0,-35.0
2015-02-21,80,1082,2.87,45.857142857142854,84.6,2015,2,1,8,5,35.0,77.0,184.0,110.0,45.42857142857143,64.57142857142857,83.63333333333334,-0.020000000000000018,-80.0
2015-02-22,42,1039,2.89,47.142857142857146,84.36666666666666,2015,2,1,8,6,80.0,33.0,107.0,30.0,45.857142857142854,57.142857142857146,84.6,0.020000000000000018,-43.0
2015-02-23,23,1016,2.89,43.714285714285715,81.46666666666667,2015,2,1,9,0,42.0,47.0,70.0,59.0,47.142857142857146,52.5,84.36666666666666,0.0,-23.0
2015-02-24,19,997,2.89,41.42857142857143,81.1,2015,2,1,9,1,23.0,35.0,66.0,97.0,43.714285714285715,49.142857142857146,81.46666666666667,0.0,-19.0
2015-02-25,18,1075,2.89,35.42857142857143,79.73333333333333,2015,2,1,9,2,19.0,60.0,89.0,155.0,41.42857142857143,45.785714285714285,81.1,0.0,78.0
2015-02-26,37,1134,2.89,36.285714285714285,77.73333333333333,2015,2,1,9,3,18.0,31.0,50.0,125.0,35.42857142857143,40.714285714285715,79.73333333333333,0.0,59.0
2015-02-27,50,1084,2.89,38.42857142857143,74.23333333333333,2015,2,1,9,4,37.0,35.0,20.0,100.0,36.285714285714285,39.785714285714285,77.73333333333333,0.0,-50.0
2015-02-28,127,957,2.89,45.142857142857146,74.3,2015,2,1,9,5,50.0,80.0,77.0,211.0,38.42857142857143,41.92857142857143,74.23333333333333,0.0,-127.0
2015-03-01,123,834,2.89,56.714285714285715,75.06666666666666,2015,3,1,9,6,127.0,42.0,33.0,88.0,45.142857142857146,45.5,74.3,0.0,-123.0
2015-03-02,44,789,2.89,59.714285714285715,69.5,2015,3,1,10,0,123.0,23.0,47.0,114.0,56.714285714285715,51.92857142857143,75.06666666666666,0.0,-45.0
2015-03-03,22,767,2.89,60.142857142857146,67.3,2015,3,1,10,1,44.0,19.0,35.0,89.0,59.714285714285715,51.714285714285715,69.5,0.0,-22.0
2015-03-04,31,736,2.89,62.0,64.53333333333333,2015,3,1,10,2,22.0,18.0,60.0,118.0,60.142857142857146,50.785714285714285,67.3,0.0,-31.0
2015-03-05,22,714,2.89,59.857142857142854,62.3,2015,3,1,10,3,31.0,37.0,31.0,84.0,62.0,48.714285714285715,64.53333333333333,0.0,-22.0
2015-03-06,40,674,2.89,58.42857142857143,59.7,2015,3,1,10,4,22.0,50.0,35.0,125.0,59.857142857142854,48.07142857142857,62.3,0.0,-40.0
2015-03-07,62,612,2.89,49.142857142857146,58.96666666666667,2015,3,1,10,5,40.0,127.0,80.0,184.0,58.42857142857143,48.42857142857143,59.7,0.0,-62.0
2015-03-08,59,553,2.89,40.0,56.766666666666666,2015,3,1,10,6,62.0,123.0,42.0,107.0,49.142857142857146,47.142857142857146,58.96666666666667,0.0,-59.0
2015-03-09,28,525,2.89,37.714285714285715,51.56666666666667,2015,3,1,11,0,59.0,44.0,23.0,70.0,40.0,48.357142857142854,56.766666666666666,0.0,-28.0
2015-03-10,68,458,1.49,44.285714285714285,50.266666666666666,2015,3,1,11,1,28.0,22.0,19.0,66.0,37.714285714285715,48.714285714285715,51.56666666666667,-1.4000000000000001,-67.0
2015-03-11,73,385,1.49,50.285714285714285,50.36666666666667,2015,3,1,11,2,68.0,31.0,18.0,89.0,44.285714285714285,52.214285714285715,50.266666666666666,0.0,-73.0
2015-03-12,87,298,1.49,59.57142857142857,51.06666666666667,2015,3,1,11,3,73.0,22.0,37.0,50.0,50.285714285714285,56.142857142857146,50.36666666666667,0.0,-87.0
2015-03-13,175,1878,1.29,78.85714285714286,53.93333333333333,2015,3,1,11,4,87.0,40.0,50.0,20.0,59.57142857142857,59.714285714285715,51.06666666666667,-0.19999999999999996,1580.0
2015-03-14,300,1575,1.29,112.85714285714286,62.266666666666666,2015,3,1,11,5,175.0,62.0,127.0,77.0,78.85714285714286,68.64285714285714,53.93333333333333,0.0,-303.0
2015-03-15,196,1379,1.29,132.42857142857142,68.13333333333334,2015,3,1,11,6,300.0,59.0,123.0,33.0,112.85714285714286,81.0,62.266666666666666,0.0,-196.0
2015-03-16,123,1256,1.29,146.0,69.66666666666667,2015,3,1,12,0,196.0,28.0,44.0,47.0,132.42857142857142,86.21428571428571,68.13333333333334,0.0,-123.0
2015-03-17,168,1088,1.29,160.28571428571428,74.16666666666667,2015,3,1,12,1,123.0,68.0,22.0,35.0,146.0,91.85714285714286,69.66666666666667,0.0,-168.0
2015-03-18,209,1263,1.29,179.71428571428572,79.56666666666666,2015,3,1,12,2,168.0,73.0,31.0,60.0,160.28571428571428,102.28571428571429,74.16666666666667,0.0,175.0
2015-03-19,188,1075,1.29,194.14285714285714,84.66666666666667,2015,3,1,12,3,209.0,87.0,22.0,31.0,179.71428571428572,115.0,79.56666666666666,0.0,-188.0
2015-03-20,219,856,1.29,200.42857142857142,89.96666666666667,2015,3,1,12,4,188.0,175.0,40.0,35.0,194.14285714285714,126.85714285714286,84.66666666666667,0.0,-219.0
2015-03-21,381,475,1.29,212.0,101.63333333333334,2015,3,1,12,5,219.0,300.0,62.0,80.0,200.42857142857142,139.64285714285714,89.96666666666667,0.0,-381.0
2015-03-22,158,317,1.29,206.57142857142858,105.73333333333333,2015,3,1,12,6,381.0,196.0,59.0,42.0,212.0,162.42857142857142,101.63333333333334,0.0,-158.0
2015-03-23,12,304,1.49,190.71428571428572,103.46666666666667,2015,3,1,13,0,158.0,123.0,28.0,23.0,206.57142857142858,169.5,105.73333333333333,0.19999999999999996,-13.0
2015-03-24,8,296,1.29,167.85714285714286,102.33333333333333,2015,3,1,13,1,12.0,168.0,68.0,19.0,190.71428571428572,168.35714285714286,103.46666666666667,-0.19999999999999996,-8.0
2015-03-25,10,286,1.29,139.42857142857142,101.9,2015,3,1,13,2,8.0,209.0,73.0,18.0,167.85714285714286,164.07142857142858,102.33333333333333,0.0,-10.0
2015-03-26,88,774,1.29,125.14285714285714,104.2,2015,3,1,13,3,10.0,188.0,87.0,37.0,139.42857142857142,159.57142857142858,101.9,0.0,488.0
2015-03-27,196,770,1.29,121.85714285714286,110.13333333333334,2015,3,1,13,4,88.0,219.0,175.0,50.0,125.14285714285714,159.64285714285714,104.2,0.0,-4.0
2015-03-28,206,660,1.29,96.85714285714286,115.76666666666667,2015,3,1,13,5,196.0,381.0,300.0,127.0,121.85714285714286,161.14285714285714,110.13333333333334,0.0,-110.0
2015-03-29,83,577,1.29,86.14285714285714,116.86666666666666,2015,3,1,13,6,206.0,158.0,196.0,123.0,96.85714285714286,154.42857142857142,115.76666666666667,0.0,-83.0
2015-03-30,0,673,1.49,84.42857142857143,112.63333333333334,2015,3,1,14,0,83.0,12.0,123.0,44.0,86.14285714285714,146.35714285714286,116.86666666666666,0.19999999999999996,96.0
2015-03-31,0,673,1.49,83.28571428571429,108.53333333333333,2015,3,1,14,1,0.0,8.0,168.0,22.0,84.42857142857143,137.57142857142858,112.63333333333334,0.0,0.0
2015-04-01,27,646,1.49,85.71428571428571,107.96666666666667,2015,4,2,14,2,0.0,10.0,209.0,31.0,83.28571428571429,125.57142857142857,108.53333333333333,0.0,-27.0
2015-04-02,27,1002,1.49,77.0,108.13333333333334,2015,4,2,14,3,27.0,88.0,188.0,22.0,85.71428571428571,112.57142857142857,107.96666666666667,0.0,356.0
2015-04-03,54,1044,1.49,56.714285714285715,108.9,2015,4,2,14,4,27.0,196.0,219.0,40.0,77.0,101.07142857142857,108.13333333333334,0.0,42.0
2015-04-04,136,908,1.49,46.714285714285715,112.7,2015,4,2,14,5,54.0,206.0,381.0,62.0,56.714285714285715,89.28571428571429,108.9,0.0,-136.0
2015-04-05,55,853,1.49,42.714285714285715,113.2,2015,4,2,14,6,136.0,83.0,158.0,59.0,46.714285714285715,71.78571428571429,112.7,0.0,-55.0
2015-04-06,22,831,1.49,45.857142857142854,111.86666666666666,2015,4,2,15,0,55.0,0.0,12.0,28.0,42.714285714285715,64.42857142857143,113.2,0.0,-22.0
2015-04-07,30,801,1.49,50.142857142857146,110.9,2015,4,2,15,1,22.0,0.0,8.0,68.0,45.857142857142854,65.14285714285714,111.86666666666666,0.0,-30.0
2015-04-08,30,771,1.49,50.57142857142857,110.96666666666667,2015,4,2,15,2,30.0,27.0,10.0,73.0,50.142857142857146,66.71428571428571,110.9,0.0,-30.0
2015-04-09,30,930,1.49,51.0,109.7,2015,4,2,15,3,30.0,27.0,88.0,87.0,50.57142857142857,68.14285714285714,110.96666666666667,0.0,159.0
2015-04-10,44,1078,1.49,49.57142857142857,108.73333333333333,2015,4,2,15,4,30.0,54.0,196.0,175.0,51.0,64.0,109.7,0.0,148.0
2015-04-11,39,1423,1.49,35.714285714285715,107.13333333333334,2015,4,2,15,5,44.0,136.0,206.0,300.0,49.57142857142857,53.142857142857146,108.73333333333333,0.0,345.0
2015-04-12,57,1366,1.49,36.0,103.2,2015,4,2,15,6,39.0,55.0,83.0,196.0,35.714285714285715,41.214285714285715,107.13333333333334,0.0,-57.0
2015-04-13,30,1336,1.49,37.142857142857146,94.2,2015,4,2,16,0,57.0,22.0,0.0,123.0,36.0,39.357142857142854,103.2,0.0,-30.0
2015-04-14,47,1385,1.49,39.57142857142857,89.23333333333333,2015,4,2,16,1,30.0,30.0,0.0,168.0,37.142857142857146,41.5,94.2,0.0,49.0
2015-04-15,74,1311,1.49,45.857142857142854,87.6,2015,4,2,16,2,47.0,30.0,27.0,209.0,39.57142857142857,44.857142857142854,89.23333333333333,0.0,-74.0
2015-04-16,114,1196,1.39,57.857142857142854,85.8,2015,4,2,16,3,74.0,30.0,27.0,188.0,45.857142857142854,48.214285714285715,87.6,-0.10000000000000009,-115.0
2015-04-17,40,1156,1.39,57.285714285714285,80.16666666666667,2015,4,2,16,4,114.0,44.0,54.0,219.0,57.857142857142854,54.42857142857143,85.8,0.0,-40.0
2015-04-18,62,1094,1.39,60.57142857142857,75.96666666666667,2015,4,2,16,5,40.0,39.0,136.0,381.0,57.285714285714285,53.42857142857143,80.16666666666667,0.0,-62.0
2015-04-19,62,1032,1.39,61.285714285714285,70.73333333333333,2015,4,2,16,6,62.0,57.0,55.0,158.0,60.57142857142857,48.142857142857146,75.96666666666667,0.0,-62.0
2015-04-20,135,897,1.39,76.28571428571429,62.53333333333333,2015,4,2,17,0,62.0,30.0,22.0,12.0,61.285714285714285,48.642857142857146,70.73333333333333,0.0,-135.0
2015-04-21,175,722,1.39,94.57142857142857,63.1,2015,4,2,17,1,135.0,47.0,30.0,8.0,76.28571428571429,56.714285714285715,62.53333333333333,0.0,-175.0
2015-04-22,82,736,1.39,95.71428571428571,65.43333333333334,2015,4,2,17,2,175.0,74.0,30.0,10.0,94.57142857142857,67.07142857142857,63.1,0.0,14.0
2015-04-23,62,674,1.4,88.28571428571429,67.23333333333333,2015,4,2,17,3,82.0,114.0,30.0,88.0,95.71428571428571,70.78571428571429,65.43333333333334,0.010000000000000009,-62.0
2015-04-24,88,586,1.4,95.14285714285714,69.83333333333333,2015,4,2,17,4,62.0,40.0,44.0,196.0,88.28571428571429,73.07142857142857,67.23333333333333,0.0,-88.0
2015-04-25,152,434,1.4,108.0,71.96666666666667,2015,4,2,17,5,88.0,62.0,39.0,206.0,95.14285714285714,76.21428571428571,69.83333333333333,0.0,-152.0
2015-04-26,64,370,1.4,108.28571428571429,67.56666666666666,2015,4,2,17,6,152.0,62.0,57.0,83.0,108.0,84.28571428571429,71.96666666666667,0.0,-64.0
2015-04-27,67,591,1.4,98.57142857142857,62.93333333333333,2015,4,2,18,0,64.0,135.0,30.0,0.0,108.28571428571429,84.78571428571429,67.56666666666666,0.0,221.0
2015-04-28,73,806,1.39,84.0,62.6,2015,4,2,18,1,67.0,175.0,47.0,0.0,98.57142857142857,87.42857142857143,62.93333333333333,-0.010000000000000009,215.0
2015-04-29,130,676,1.39,90.85714285714286,66.93333333333334,2015,4,2,18,2,73.0,82.0,74.0,27.0,84.0,89.28571428571429,62.6,0.0,-130.0
2015-04-30,115,657,1.39,98.42857142857143,70.76666666666667,2015,4,2,18,3,130.0,62.0,114.0,27.0,90.85714285714286,93.28571428571429,66.93333333333334,0.0,-19.0
2015-05-01,260,397,1.39,123.0,78.53333333333333,2015,5,2,18,4,115.0,88.0,40.0,54.0,98.42857142857143,93.35714285714286,70.76666666666667,0.0,-260.0
2015-05-02,228,169,1.39,133.85714285714286,85.23333333333333,2015,5,2,18,5,260.0,152.0,62.0,136.0,123.0,109.07142857142857,78.53333333333333,0.0,-228.0
2015-05-03,120,49,1.39,141.85714285714286,87.43333333333334,2015,5,2,18,6,228.0,64.0,62.0,55.0,133.85714285714286,120.92857142857143,85.23333333333333,0.0,-120.0
2015-05-04,31,18,1.39,136.71428571428572,83.93333333333334,2015,5,2,19,0,120.0,67.0,135.0,22.0,141.85714285714286,125.07142857142857,87.43333333333334,0.0,-31.0
2015-05-05,0,18,1.39,126.28571428571429,82.1,2015,5,2,19,1,31.0,73.0,175.0,30.0,136.71428571428572,117.64285714285714,83.93333333333334,0.0,0.0
2015-05-06,3,15,1.39,108.14285714285714,81.46666666666667,2015,5,2,19,2,0.0,130.0,82.0,30.0,126.28571428571429,105.14285714285714,82.1,0.0,-3.0
2015-05-07,0,15,1.39,91.71428571428571,80.46666666666667,2015,5,2,19,3,3.0,115.0,62.0,30.0,108.14285714285714,99.5,81.46666666666667,0.0,0.0
2015-05-08,0,15,1.39,54.57142857142857,79.46666666666667,2015,5,2,19,4,0.0,260.0,88.0,44.0,91.71428571428571,95.07142857142857,80.46666666666667,0.0,0.0
2015-05-09,0,15,0.0,22.0,78.46666666666667,2015,5,2,19,5,0.0,228.0,152.0,39.0,54.57142857142857,88.78571428571429,79.46666666666667,-1.39,0.0
2015-05-10,0,15,1.49,4.857142857142857,77.0,2015,5,2,19,6,0.0,120.0,64.0,57.0,22.0,77.92857142857143,78.46666666666667,1.49,0.0
2015-05-11,1,14,1.49,0.5714285714285714,75.73333333333333,2015,5,2,20,0,0.0,31.0,67.0,30.0,4.857142857142857,73.35714285714286,77.0,0.0,-1.0
2015-05-12,0,14,1.49,0.5714285714285714,73.83333333333333,2015,5,2,20,1,1.0,0.0,73.0,47.0,0.5714285714285714,68.64285714285714,75.73333333333333,0.0,0.0
2015-05-13,1,13,1.49,0.2857142857142857,72.86666666666666,2015,5,2,20,2,0.0,3.0,130.0,74.0,0.5714285714285714,63.42857142857143,73.83333333333333,0.0,-1.0
2015-05-14,1,12,1.49,0.42857142857142855,71.33333333333333,2015,5,2,20,3,1.0,0.0,115.0,114.0,0.2857142857142857,54.214285714285715,72.86666666666666,0.0,-1.0
2015-05-15,1,10,1.49,0.5714285714285714,68.9,2015,5,2,20,4,1.0,0.0,260.0,40.0,0.42857142857142855,46.07142857142857,71.33333333333333,0.0,-2.0
2015-05-16,0,10,1.49,0.5714285714285714,65.1,2015,5,2,20,5,1.0,0.0,228.0,62.0,0.5714285714285714,27.571428571428573,68.9,0.0,0.0
2015-05-17,0,10,1.49,0.5714285714285714,63.766666666666666,2015,5,2,20,6,0.0,0.0,120.0,62.0,0.5714285714285714,11.285714285714286,65.1,0.0,0.0
2015-05-18,0,10,1.49,0.42857142857142855,61.7,2015,5,2,21,0,0.0,1.0,31.0,135.0,0.5714285714285714,2.7142857142857144,63.766666666666666,0.0,0.0
2015-05-19,1,9,1.49,0.5714285714285714,59.666666666666664,2015,5,2,21,1,0.0,0.0,0.0,175.0,0.42857142857142855,0.5,61.7,0.0,-1.0
2015-05-20,0,9,1.49,0.42857142857142855,55.166666666666664,2015,5,2,21,2,1.0,1.0,3.0,82.0,0.5714285714285714,0.5714285714285714,59.666666666666664,0.0,0.0
2015-05-21,0,9,1.49,0.2857142857142857,49.333333333333336,2015,5,2,21,3,0.0,1.0,0.0,62.0,0.42857142857142855,0.35714285714285715,55.166666666666664,0.0,0.0
2015-05-22,0,9,1.49,0.14285714285714285,46.6,2015,5,2,21,4,0.0,1.0,0.0,88.0,0.2857142857142857,0.35714285714285715,49.333333333333336,0.0,0.0
2015-05-23,0,9,1.49,0.14285714285714285,44.53333333333333,2015,5,2,21,5,0.0,0.0,0.0,152.0,0.14285714285714285,0.35714285714285715,46.6,0.0,0.0
2015-05-24,0,9,1.49,0.14285714285714285,41.6,2015,5,2,21,6,0.0,0.0,0.0,64.0,0.14285714285714285,0.35714285714285715,44.53333333333333,0.0,0.0
2015-05-25,0,9,1.39,0.14285714285714285,36.53333333333333,2015,5,2,22,0,0.0,0.0,1.0,67.0,0.14285714285714285,0.35714285714285715,41.6,-0.10000000000000009,0.0
2015-05-26,0,9,1.39,0.0,34.4,2015,5,2,22,1,0.0,1.0,0.0,73.0,0.14285714285714285,0.2857142857142857,36.53333333333333,0.0,0.0
2015-05-27,0,9,1.39,0.0,32.166666666666664,2015,5,2,22,2,0.0,0.0,1.0,130.0,0.0,0.2857142857142857,34.4,0.0,0.0
2015-05-28,0,9,1.39,0.0,29.733333333333334,2015,5,2,22,3,0.0,0.0,1.0,115.0,0.0,0.21428571428571427,32.166666666666664,0.0,0.0
2015-05-29,0,9,1.39,0.0,25.4,2015,5,2,22,4,0.0,0.0,1.0,260.0,0.0,0.14285714285714285,29.733333333333334,0.0,0.0
2015-05-30,0,9,1.39,0.0,21.566666666666666,2015,5,2,22,5,0.0,0.0,0.0,228.0,0.0,0.07142857142857142,25.4,0.0,0.0
2015-05-31,0,9,1.39,0.0,12.9,2015,5,2,22,6,0.0,0.0,0.0,120.0,0.0,0.07142857142857142,21.566666666666666,0.0,0.0
2015-06-01,0,105,1.39,0.0,5.3,2015,6,2,23,0,0.0,0.0,0.0,31.0,0.0,0.07142857142857142,12.9,0.0,96.0
2015-06-02,0,105,1.39,0.0,1.3,2015,6,2,23,1,0.0,0.0,1.0,0.0,0.0,0.07142857142857142,5.3,0.0,0.0
2015-06-03,0,105,1.39,0.0,0.26666666666666666,2015,6,2,23,2,0.0,0.0,0.0,3.0,0.0,0.0,1.3,0.0,0.0
2015-06-04,0,105,1.39,0.0,0.26666666666666666,2015,6,2,23,3,0.0,0.0,0.0,0.0,0.0,0.0,0.26666666666666666,0.0,0.0
2015-06-05,168,1377,1.39,24.0,5.766666666666667,2015,6,2,23,4,0.0,0.0,0.0,0.0,0.0,0.0,0.26666666666666666,0.0,1272.0
2015-06-06,201,1176,1.2,52.714285714285715,12.466666666666667,2015,6,2,23,5,168.0,0.0,0.0,0.0,24.0,12.0,5.766666666666667,-0.18999999999999995,-201.0
2015-06-07,147,1029,1.19,73.71428571428571,17.366666666666667,2015,6,2,23,6,201.0,0.0,0.0,0.0,52.714285714285715,26.357142857142858,12.466666666666667,-0.010000000000000009,-147.0
2015-06-08,119,910,1.19,90.71428571428571,21.333333333333332,2015,6,2,24,0,147.0,0.0,0.0,1.0,73.71428571428571,36.857142857142854,17.366666666666667,0.0,-119.0
2015-06-09,122,788,1.19,108.14285714285714,25.4,2015,6,2,24,1,119.0,0.0,0.0,0.0,90.71428571428571,45.357142857142854,21.333333333333332,0.0,-122.0
2015-06-10,149,639,1.19,129.42857142857142,30.333333333333332,2015,6,2,24,2,122.0,0.0,0.0,1.0,108.14285714285714,54.07142857142857,25.4,0.0,-149.0
2015-06-11,111,720,1.19,145.28571428571428,34.03333333333333,2015,6,2,24,3,149.0,0.0,0.0,1.0,129.42857142857142,64.71428571428571,30.333333333333332,0.0,81.0
2015-06-12,95,721,1.19,134.85714285714286,37.166666666666664,2015,6,2,24,4,111.0,168.0,0.0,1.0,145.28571428571428,72.64285714285714,34.03333333333333,0.0,1.0
2015-06-13,237,675,1.19,140.0,45.03333333333333,2015,6,2,24,5,95.0,201.0,0.0,0.0,134.85714285714286,79.42857142857143,37.166666666666664,0.0,-46.0
2015-06-14,110,565,1.19,134.71428571428572,48.666666666666664,2015,6,2,24,6,237.0,147.0,0.0,0.0,140.0,96.35714285714286,45.03333333333333,0.0,-110.0
2015-06-15,104,653,1.19,132.57142857142858,52.13333333333333,2015,6,2,25,0,110.0,119.0,0.0,0.0,134.71428571428572,104.21428571428571,48.666666666666664,0.0,88.0
2015-06-16,61,592,1.19,123.85714285714286,54.166666666666664,2015,6,2,25,1,104.0,122.0,0.0,1.0,132.57142857142858,111.64285714285714,52.13333333333333,0.0,-61.0
2015-06-17,40,1127,1.29,108.28571428571429,55.5,2015,6,2,25,2,61.0,149.0,0.0,0.0,123.85714285714286,116.0,54.166666666666664,0.10000000000000009,535.0
2015-06-18,114,1301,1.29,108.71428571428571,59.266666666666666,2015,6,2,25,3,40.0,111.0,0.0,0.0,108.28571428571429,118.85714285714286,55.5,0.0,174.0
2015-06-19,129,1172,1.29,113.57142857142857,63.56666666666667,2015,6,2,25,4,114.0,95.0,168.0,0.0,108.71428571428571,127.0,59.266666666666666,0.0,-129.0
2015-06-20,111,1061,1.29,95.57142857142857,67.26666666666667,2015,6,2,25,5,129.0,237.0,201.0,0.0,113.57142857142857,124.21428571428571,63.56666666666667,0.0,-111.0
2015-06-21,146,915,1.29,100.71428571428571,72.13333333333334,2015,6,2,25,6,111.0,110.0,147.0,0.0,95.57142857142857,117.78571428571429,67.26666666666667,0.0,-146.0
2015-06-22,57,858,1.49,94.0,74.03333333333333,2015,6,2,26,0,146.0,104.0,119.0,0.0,100.71428571428571,117.71428571428571,72.13333333333334,0.19999999999999996,-57.0
2015-06-23,19,839,1.49,88.0,74.66666666666667,2015,6,2,26,1,57.0,61.0,122.0,0.0,94.0,113.28571428571429,74.03333333333333,0.0,-19.0
2015-06-24,27,1291,1.49,86.14285714285714,75.56666666666666,2015,6,2,26,2,19.0,40.0,149.0,0.0,88.0,105.92857142857143,74.66666666666667,0.0,452.0
2015-06-25,62,1229,1.49,78.71428571428571,77.63333333333334,2015,6,2,26,3,27.0,114.0,111.0,0.0,86.14285714285714,97.21428571428571,75.56666666666666,0.0,-62.0
2015-06-26,95,1902,1.49,73.85714285714286,80.8,2015,6,2,26,4,62.0,129.0,95.0,0.0,78.71428571428571,93.71428571428571,77.63333333333334,0.0,673.0
2015-06-27,183,1719,1.39,84.14285714285714,86.9,2015,6,2,26,5,95.0,111.0,237.0,0.0,73.85714285714286,93.71428571428571,80.8,-0.10000000000000009,-183.0
2015-06-28,94,1624,1.39,76.71428571428571,90.03333333333333,2015,6,2,26,6,183.0,146.0,110.0,0.0,84.14285714285714,89.85714285714286,86.9,0.0,-95.0
2015-06-29,116,1606,1.39,85.14285714285714,93.9,2015,6,2,27,0,94.0,57.0,104.0,0.0,76.71428571428571,88.71428571428571,90.03333333333333,0.0,-18.0
2015-06-30,63,1543,1.39,91.42857142857143,96.0,2015,6,2,27,1,116.0,19.0,61.0,0.0,85.14285714285714,89.57142857142857,93.9,0.0,-63.0
2015-07-01,147,1396,1.39,108.57142857142857,100.9,2015,7,3,27,2,63.0,27.0,40.0,0.0,91.42857142857143,89.71428571428571,96.0,0.0,-147.0
2015-07-02,101,1295,1.39,114.14285714285714,104.26666666666667,2015,7,3,27,3,147.0,62.0,114.0,0.0,108.57142857142857,97.35714285714286,100.9,0.0,-101.0
2015-07-03,248,1047,1.29,136.0,112.53333333333333,2015,7,3,27,4,101.0,95.0,129.0,168.0,114.14285714285714,96.42857142857143,104.26666666666667,-0.09999999999999987,-248.0
2015-07-04,142,905,1.29,130.14285714285714,117.26666666666667,2015,7,3,27,5,248.0,183.0,111.0,201.0,136.0,104.92857142857143,112.53333333333333,0.0,-142.0
2015-07-05,186,719,1.29,143.28571428571428,117.86666666666666,2015,7,3,27,6,142.0,94.0,146.0,147.0,130.14285714285714,107.14285714285714,117.26666666666667,0.0,-186.0
2015-07-06,109,898,1.29,142.28571428571428,114.8,2015,7,3,28,0,186.0,116.0,57.0,119.0,143.28571428571428,110.0,117.86666666666666,0.0,179.0
2015-07-07,228,957,1.29,165.85714285714286,117.5,2015,7,3,28,1,109.0,63.0,19.0,122.0,142.28571428571428,113.71428571428571,114.8,0.0,59.0
2015-07-08,66,1083,1.29,154.28571428571428,115.73333333333333,2015,7,3,28,2,228.0,147.0,27.0,149.0,165.85714285714286,128.64285714285714,117.5,0.0,126.0
2015-07-09,182,901,1.29,165.85714285714286,117.73333333333333,2015,7,3,28,3,66.0,101.0,62.0,111.0,154.28571428571428,131.42857142857142,115.73333333333333,0.0,-182.0
2015-07-10,1,996,1.29,130.57142857142858,112.8,2015,7,3,28,4,182.0,248.0,95.0,95.0,165.85714285714286,140.0,117.73333333333333,0.0,95.0
2015-07-11,64,1124,1.29,119.42857142857143,111.23333333333333,2015,7,3,28,5,1.0,142.0,183.0,237.0,130.57142857142858,133.28571428571428,112.8,0.0,128.0
2015-07-12,118,1006,1.29,109.71428571428571,112.0,2015,7,3,28,6,64.0,186.0,94.0,110.0,119.42857142857143,124.78571428571429,111.23333333333333,0.0,-118.0
2015-07-13,55,950,1.29,102.0,105.93333333333334,2015,7,3,29,0,118.0,109.0,116.0,104.0,109.71428571428571,126.5,112.0,0.0,-56.0
2015-07-14,43,907,1.27,75.57142857142857,103.7,2015,7,3,29,1,55.0,228.0,63.0,61.0,102.0,122.14285714285714,105.93333333333334,-0.020000000000000018,-43.0
2015-07-15,95,812,1.28,79.71428571428571,103.4,2015,7,3,29,2,43.0,66.0,147.0,40.0,75.57142857142857,120.71428571428571,103.7,0.010000000000000009,-95.0
2015-07-16,54,758,1.28,61.42857142857143,103.16666666666667,2015,7,3,29,3,95.0,182.0,101.0,114.0,79.71428571428571,117.0,103.4,0.0,-54.0
2015-07-17,85,673,1.28,73.42857142857143,104.66666666666667,2015,7,3,29,4,54.0,1.0,248.0,129.0,61.42857142857143,113.64285714285714,103.16666666666667,0.0,-85.0
2015-07-18,92,869,1.27,77.42857142857143,103.93333333333334,2015,7,3,29,5,85.0,64.0,142.0,111.0,73.42857142857143,102.0,104.66666666666667,-0.010000000000000009,196.0
2015-07-19,61,808,1.28,69.28571428571429,101.66666666666667,2015,7,3,29,6,92.0,118.0,186.0,146.0,77.42857142857143,98.42857142857143,103.93333333333334,0.010000000000000009,-61.0
2015-07-20,111,697,1.27,77.28571428571429,101.66666666666667,2015,7,3,30,0,61.0,55.0,109.0,57.0,69.28571428571429,89.5,101.66666666666667,-0.010000000000000009,-111.0
2015-07-21,7,1170,1.28,72.14285714285714,97.03333333333333,2015,7,3,30,1,111.0,43.0,228.0,19.0,77.28571428571429,89.64285714285714,101.66666666666667,0.010000000000000009,473.0
2015-07-22,4,1262,1.28,59.142857142857146,95.26666666666667,2015,7,3,30,2,7.0,95.0,66.0,27.0,72.14285714285714,73.85714285714286,97.03333333333333,0.0,92.0
2015-07-23,66,1292,1.27,60.857142857142854,96.83333333333333,2015,7,3,30,3,4.0,54.0,182.0,62.0,59.142857142857146,69.42857142857143,95.26666666666667,-0.010000000000000009,30.0
2015-07-24,95,1197,1.28,62.285714285714285,99.1,2015,7,3,30,4,66.0,85.0,1.0,95.0,60.857142857142854,61.142857142857146,96.83333333333333,0.010000000000000009,-95.0
2015-07-25,190,1103,1.27,76.28571428571429,103.36666666666666,2015,7,3,30,5,95.0,92.0,64.0,183.0,62.285714285714285,67.85714285714286,99.1,-0.010000000000000009,-94.0
2015-07-26,60,1043,1.28,76.14285714285714,102.2,2015,7,3,30,6,190.0,61.0,118.0,94.0,76.28571428571429,76.85714285714286,103.36666666666666,0.010000000000000009,-60.0
2015-07-27,42,1097,1.27,66.28571428571429,97.5,2015,7,3,31,0,60.0,111.0,55.0,116.0,76.14285714285714,72.71428571428571,102.2,-0.010000000000000009,54.0
2015-07-28,79,1306,1.27,76.57142857142857,97.0,2015,7,3,31,1,42.0,7.0,43.0,63.0,66.28571428571429,71.78571428571429,97.5,0.0,209.0
2015-07-29,109,1581,1.27,91.57142857142857,96.76666666666667,2015,7,3,31,2,79.0,4.0,95.0,147.0,76.57142857142857,74.35714285714286,97.0,0.0,275.0
2015-07-30,165,1416,1.28,105.71428571428571,100.16666666666667,2015,7,3,31,3,109.0,66.0,54.0,101.0,91.57142857142857,75.35714285714286,96.76666666666667,0.010000000000000009,-165.0
2015-07-31,99,1317,1.27,106.28571428571429,98.56666666666666,2015,7,3,31,4,165.0,95.0,85.0,248.0,105.71428571428571,83.28571428571429,100.16666666666667,-0.010000000000000009,-99.0
2015-08-01,233,1084,1.48,112.42857142857143,102.96666666666667,2015,8,3,31,5,99.0,190.0,92.0,142.0,106.28571428571429,84.28571428571429,98.56666666666666,0.20999999999999996,-233.0
2015-08-02,16,1067,1.48,106.14285714285714,95.23333333333333,2015,8,3,31,6,233.0,60.0,61.0,186.0,112.42857142857143,94.35714285714286,102.96666666666667,0.0,-17.0
2015-08-03,2,1065,1.46,100.42857142857143,90.56666666666666,2015,8,3,32,0,16.0,42.0,111.0,109.0,106.14285714285714,91.14285714285714,95.23333333333333,-0.020000000000000018,-2.0
2015-08-04,5,1060,1.47,89.85714285714286,84.53333333333333,2015,8,3,32,1,2.0,79.0,7.0,228.0,100.42857142857143,83.35714285714286,90.56666666666666,0.010000000000000009,-5.0
2015-08-05,22,1038,1.48,77.42857142857143,81.63333333333334,2015,8,3,32,2,5.0,109.0,4.0,66.0,89.85714285714286,83.21428571428571,84.53333333333333,0.010000000000000009,-22.0
2015-08-06,8,1030,1.49,55.0,74.3,2015,8,3,32,3,22.0,165.0,66.0,182.0,77.42857142857143,84.5,81.63333333333334,0.010000000000000009,-8.0
2015-08-07,65,321,1.48,50.142857142857146,74.26666666666667,2015,8,3,32,4,8.0,99.0,95.0,1.0,55.0,80.35714285714286,74.3,-0.010000000000000009,-709.0
2015-08-08,157,451,1.48,39.285714285714285,73.43333333333334,2015,8,3,32,5,65.0,233.0,190.0,64.0,50.142857142857146,78.21428571428571,74.26666666666667,0.0,130.0
2015-08-09,65,386,1.48,46.285714285714285,75.56666666666666,2015,8,3,32,6,157.0,16.0,60.0,118.0,39.285714285714285,75.85714285714286,73.43333333333334,0.0,-65.0
2015-08-10,90,296,1.48,58.857142857142854,76.43333333333334,2015,8,3,33,0,65.0,2.0,42.0,55.0,46.285714285714285,76.21428571428571,75.56666666666666,0.0,-90.0
2015-08-11,3,1157,1.18,58.57142857142857,72.6,2015,8,3,33,1,90.0,5.0,79.0,43.0,58.857142857142854,79.64285714285714,76.43333333333334,-0.30000000000000004,861.0
2015-08-12,5,1152,1.18,56.142857142857146,70.93333333333334,2015,8,3,33,2,3.0,22.0,109.0,95.0,58.57142857142857,74.21428571428571,72.6,0.0,-5.0
2015-08-13,1,2015,1.19,55.142857142857146,69.53333333333333,2015,8,3,33,3,5.0,8.0,165.0,54.0,56.142857142857146,66.78571428571429,70.93333333333334,0.010000000000000009,863.0
2015-08-14,65,2046,1.18,55.142857142857146,68.53333333333333,2015,8,3,33,4,1.0,65.0,99.0,85.0,55.142857142857146,55.07142857142857,69.53333333333333,-0.010000000000000009,31.0
2015-08-15,235,1811,1.17,66.28571428571429,74.56666666666666,2015,8,3,33,5,65.0,157.0,233.0,92.0,55.142857142857146,52.642857142857146,68.53333333333333,-0.010000000000000009,-235.0
2015-08-16,76,1735,1.18,67.85714285714286,74.26666666666667,2015,8,3,33,6,235.0,65.0,16.0,61.0,66.28571428571429,52.785714285714285,74.56666666666666,0.010000000000000009,-76.0
2015-08-17,2,1733,1.19,55.285714285714285,71.26666666666667,2015,8,3,34,0,76.0,90.0,2.0,111.0,67.85714285714286,57.07142857142857,74.26666666666667,0.010000000000000009,-2.0
2015-08-18,101,1632,1.18,69.28571428571429,72.6,2015,8,3,34,1,2.0,3.0,5.0,7.0,55.285714285714285,57.07142857142857,71.26666666666667,-0.010000000000000009,-101.0
2015-08-19,162,1470,1.17,91.71428571428571,74.3,2015,8,3,34,2,101.0,5.0,22.0,4.0,69.28571428571429,63.92857142857143,72.6,-0.010000000000000009,-162.0
2015-08-20,25,1446,1.17,95.14285714285714,74.9,2015,8,3,34,3,162.0,1.0,8.0,66.0,91.71428571428571,73.92857142857143,74.3,0.0,-24.0
2015-08-21,4,1442,1.16,86.42857142857143,74.9,2015,8,3,34,4,25.0,65.0,65.0,95.0,95.14285714285714,75.14285714285714,74.9,-0.010000000000000009,-4.0
2015-08-22,1,1441,1.19,53.0,72.73333333333333,2015,8,3,34,5,4.0,235.0,157.0,190.0,86.42857142857143,70.78571428571429,74.9,0.030000000000000027,-1.0
2015-08-23,75,1366,1.17,52.857142857142854,72.06666666666666,2015,8,3,34,6,1.0,76.0,65.0,60.0,53.0,59.642857142857146,72.73333333333333,-0.020000000000000018,-75.0
2015-08-24,32,1334,1.18,57.142857142857146,66.8,2015,8,3,35,0,75.0,2.0,90.0,42.0,52.857142857142854,60.357142857142854,72.06666666666666,0.010000000000000009,-32.0
2015-08-25,76,1258,1.18,53.57142857142857,67.33333333333333,2015,8,3,35,1,32.0,101.0,3.0,79.0,57.142857142857146,56.214285714285715,66.8,0.0,-76.0
2015-08-26,6,1252,1.17,31.285714285714285,66.13333333333334,2015,8,3,35,2,76.0,162.0,5.0,109.0,53.57142857142857,61.42857142857143,67.33333333333333,-0.010000000000000009,-6.0
2015-08-27,65,1285,1.18,37.0,65.66666666666667,2015,8,3,35,3,6.0,25.0,1.0,165.0,31.285714285714285,61.5,66.13333333333334,0.010000000000000009,33.0
2015-08-28,145,1140,1.17,57.142857142857146,66.86666666666666,2015,8,3,35,4,65.0,4.0,65.0,99.0,37.0,66.07142857142857,65.66666666666667,-0.010000000000000009,-145.0
2015-08-29,78,1062,1.17,68.14285714285714,63.96666666666667,2015,8,3,35,5,145.0,1.0,235.0,233.0,57.142857142857146,71.78571428571429,66.86666666666666,0.0,-78.0
2015-08-30,6,1055,1.18,58.285714285714285,60.86666666666667,2015,8,3,35,6,78.0,75.0,76.0,16.0,68.14285714285714,60.57142857142857,63.96666666666667,0.010000000000000009,-7.0
2015-08-31,0,1151,1.19,53.714285714285715,53.1,2015,8,3,36,0,6.0,32.0,2.0,2.0,58.285714285714285,55.57142857142857,60.86666666666667,0.010000000000000009,96.0
2015-09-01,126,1217,1.18,60.857142857142854,56.766666666666666,2015,9,3,36,1,0.0,76.0,101.0,5.0,53.714285714285715,55.42857142857143,53.1,-0.010000000000000009,66.0
2015-09-02,240,1073,1.17,94.28571428571429,64.7,2015,9,3,36,2,126.0,6.0,162.0,22.0,60.857142857142854,57.214285714285715,56.766666666666666,-0.010000000000000009,-144.0
2015-09-03,67,1006,1.68,94.57142857142857,66.76666666666667,2015,9,3,36,3,240.0,65.0,25.0,8.0,94.28571428571429,62.785714285714285,64.7,0.51,-67.0
2015-09-04,140,863,1.68,93.85714285714286,70.7,2015,9,3,36,4,67.0,145.0,4.0,65.0,94.57142857142857,65.78571428571429,66.76666666666667,0.0,-143.0
2015-09-05,208,655,1.68,112.42857142857143,77.36666666666666,2015,9,3,36,5,140.0,78.0,1.0,157.0,93.85714285714286,75.5,70.7,0.0,-208.0
2015-09-06,76,579,1.68,122.42857142857143,77.73333333333333,2015,9,3,36,6,208.0,6.0,75.0,65.0,112.42857142857143,90.28571428571429,77.36666666666666,0.0,-76.0
2015-09-07,240,339,1.68,156.71428571428572,80.5,2015,9,3,37,0,76.0,0.0,32.0,90.0,122.42857142857143,90.35714285714286,77.73333333333333,0.0,-240.0
2015-09-08,52,575,1.01,146.14285714285714,80.06666666666666,2015,9,3,37,1,240.0,126.0,76.0,3.0,156.71428571428572,105.21428571428571,80.5,-0.6699999999999999,236.0
2015-09-09,111,464,0.94,127.71428571428571,80.76666666666667,2015,9,3,37,2,52.0,240.0,6.0,5.0,146.14285714285714,103.5,80.06666666666666,-0.07000000000000006,-111.0
2015-09-10,176,288,0.97,143.28571428571428,86.53333333333333,2015,9,3,37,3,111.0,67.0,65.0,1.0,127.71428571428571,111.0,80.76666666666667,0.030000000000000027,-176.0
2015-09-11,84,300,1.01,135.28571428571428,89.16666666666667,2015,9,3,37,4,176.0,140.0,145.0,65.0,143.28571428571428,118.92857142857143,86.53333333333333,0.040000000000000036,12.0
2015-09-12,171,129,1.0,130.0,94.83333333333333,2015,9,3,37,5,84.0,208.0,78.0,235.0,135.28571428571428,114.57142857142857,89.16666666666667,-0.010000000000000009,-171.0
2015-09-13,102,27,0.99,133.71428571428572,96.06666666666666,2015,9,3,37,6,171.0,76.0,6.0,76.0,130.0,121.21428571428571,94.83333333333333,-0.010000000000000009,-102.0
2015-09-14,69,0,0.97,109.28571428571429,90.53333333333333,2015,9,3,38,0,102.0,240.0,0.0,2.0,133.71428571428572,128.07142857142858,96.06666666666666,-0.020000000000000018,-27.0
2015-09-15,77,0,0.93,112.85714285714286,90.56666666666666,2015,9,3,38,1,69.0,52.0,126.0,101.0,109.28571428571429,133.0,90.53333333333333,-0.039999999999999925,0.0
2015-09-16,174,0,0.97,121.85714285714286,96.3,2015,9,3,38,2,77.0,111.0,240.0,162.0,112.85714285714286,129.5,90.56666666666666,0.039999999999999925,0.0
2015-09-17,69,0,1.68,106.57142857142857,95.23333333333333,2015,9,3,38,3,174.0,176.0,67.0,25.0,121.85714285714286,124.78571428571429,96.3,0.71,0.0
2015-09-18,52,930,1.68,102.0,91.56666666666666,2015,9,3,38,4,69.0,84.0,140.0,4.0,106.57142857142857,124.92857142857143,95.23333333333333,0.0,930.0
2015-09-19,42,1080,1.68,83.57142857142857,92.13333333333334,2015,9,3,38,5,52.0,171.0,208.0,1.0,102.0,118.64285714285714,91.56666666666666,0.0,150.0
2015-09-20,1,1079,1.69,69.14285714285714,92.03333333333333,2015,9,3,38,6,42.0,102.0,76.0,75.0,83.57142857142857,106.78571428571429,92.13333333333334,0.010000000000000009,-1.0
2015-09-21,62,1016,1.68,68.14285714285714,94.06666666666666,2015,9,3,39,0,1.0,69.0,240.0,32.0,69.14285714285714,101.42857142857143,92.03333333333333,-0.010000000000000009,-63.0
2015-09-22,88,928,1.68,69.71428571428571,94.5,2015,9,3,39,1,62.0,77.0,52.0,76.0,68.14285714285714,88.71428571428571,94.06666666666666,0.0,-88.0
2015-09-23,60,1348,1.68,53.42857142857143,95.43333333333334,2015,9,3,39,2,88.0,174.0,111.0,6.0,69.71428571428571,91.28571428571429,94.5,0.0,420.0
2015-09-24,2,1442,1.66,43.857142857142854,92.96666666666667,2015,9,3,39,3,60.0,69.0,176.0,65.0,53.42857142857143,87.64285714285714,95.43333333333334,-0.020000000000000018,94.0
2015-09-25,3,1631,1.69,36.857142857142854,92.86666666666666,2015,9,3,39,4,2.0,52.0,84.0,145.0,43.857142857142854,75.21428571428571,92.96666666666667,0.030000000000000027,189.0
2015-09-26,9,1622,1.76,32.142857142857146,91.0,2015,9,3,39,5,3.0,42.0,171.0,78.0,36.857142857142854,69.42857142857143,92.86666666666666,0.07000000000000006,-9.0
2015-09-27,142,1480,1.78,52.285714285714285,90.9,2015,9,3,39,6,9.0,1.0,102.0,6.0,32.142857142857146,57.857142857142854,91.0,0.020000000000000018,-142.0
2015-09-28,90,1580,1.78,56.285714285714285,91.3,2015,9,3,40,0,142.0,62.0,69.0,0.0,52.285714285714285,60.714285714285715,90.9,0.0,100.0
2015-09-29,20,1560,1.78,46.57142857142857,91.76666666666667,2015,9,3,40,1,90.0,88.0,77.0,126.0,56.285714285714285,62.214285714285715,91.3,0.0,-20.0
2015-09-30,37,1523,1.78,43.285714285714285,93.0,2015,9,3,40,2,20.0,60.0,174.0,240.0,46.57142857142857,58.142857142857146,91.76666666666667,0.0,-37.0
2015-10-01,86,1437,1.78,55.285714285714285,91.66666666666667,2015,10,4,40,3,37.0,2.0,69.0,67.0,43.285714285714285,48.357142857142854,93.0,0.0,-86.0
2015-10-02,166,1367,1.78,78.57142857142857,89.2,2015,10,4,40,4,86.0,3.0,52.0,140.0,55.285714285714285,49.57142857142857,91.66666666666667,0.0,-70.0
2015-10-03,391,976,1.48,133.14285714285714,100.0,2015,10,4,40,5,166.0,9.0,42.0,208.0,78.57142857142857,57.714285714285715,89.2,-0.30000000000000004,-391.0
2015-10-04,56,919,1.47,120.85714285714286,97.2,2015,10,4,40,6,391.0,142.0,1.0,76.0,133.14285714285714,82.64285714285714,100.0,-0.010000000000000009,-57.0
2015-10-05,64,951,1.47,117.14285714285714,92.4,2015,10,4,41,0,56.0,90.0,62.0,240.0,120.85714285714286,86.57142857142857,97.2,0.0,32.0
2015-10-06,35,916,1.48,119.28571428571429,91.03333333333333,2015,10,4,41,1,64.0,20.0,88.0,52.0,117.14285714285714,86.71428571428571,92.4,0.010000000000000009,-35.0
2015-10-07,40,875,1.47,119.71428571428571,84.36666666666666,2015,10,4,41,2,35.0,37.0,60.0,111.0,119.28571428571429,82.92857142857143,91.03333333333333,-0.010000000000000009,-41.0
2015-10-08,21,1526,1.48,110.42857142857143,83.33333333333333,2015,10,4,41,3,40.0,86.0,2.0,176.0,119.71428571428571,81.5,84.36666666666666,0.010000000000000009,651.0
2015-10-09,42,1484,1.48,92.71428571428571,81.03333333333333,2015,10,4,41,4,21.0,166.0,3.0,84.0,110.42857142857143,82.85714285714286,83.33333333333333,0.0,-42.0
2015-10-10,95,1389,1.48,50.42857142857143,78.33333333333333,2015,10,4,41,5,42.0,391.0,9.0,171.0,92.71428571428571,85.64285714285714,81.03333333333333,0.0,-95.0
2015-10-11,85,1304,1.48,54.57142857142857,78.36666666666666,2015,10,4,41,6,95.0,56.0,142.0,102.0,50.42857142857143,91.78571428571429,78.33333333333333,0.0,-85.0
2015-10-12,140,1356,1.47,65.42857142857143,77.33333333333333,2015,10,4,42,0,85.0,64.0,90.0,69.0,54.57142857142857,87.71428571428571,78.36666666666666,-0.010000000000000009,52.0
2015-10-13,80,1276,1.48,71.85714285714286,76.6,2015,10,4,42,1,140.0,35.0,20.0,77.0,65.42857142857143,91.28571428571429,77.33333333333333,0.010000000000000009,-80.0
2015-10-14,91,1185,1.48,79.14285714285714,77.33333333333333,2015,10,4,42,2,80.0,40.0,37.0,174.0,71.85714285714286,95.57142857142857,76.6,0.0,-91.0
2015-10-15,65,1120,1.48,85.42857142857143,76.93333333333334,2015,10,4,42,3,91.0,21.0,86.0,69.0,79.14285714285714,99.42857142857143,77.33333333333333,0.0,-65.0
2015-10-16,166,1146,1.48,103.14285714285714,76.66666666666667,2015,10,4,42,4,65.0,42.0,166.0,52.0,85.42857142857143,97.92857142857143,76.93333333333334,0.0,26.0
2015-10-17,137,1297,1.48,109.14285714285714,78.93333333333334,2015,10,4,42,5,166.0,95.0,391.0,42.0,103.14285714285714,97.92857142857143,76.66666666666667,0.0,151.0
2015-10-18,174,1123,1.48,121.85714285714286,83.0,2015,10,4,42,6,137.0,85.0,56.0,1.0,109.14285714285714,79.78571428571429,78.93333333333334,0.0,-174.0
2015-10-19,120,1291,1.48,119.0,85.6,2015,10,4,43,0,174.0,140.0,64.0,62.0,121.85714285714286,88.21428571428571,83.0,0.0,168.0
2015-10-20,93,1198,1.78,120.85714285714286,88.66666666666667,2015,10,4,43,1,120.0,80.0,35.0,88.0,119.0,92.21428571428571,85.6,0.30000000000000004,-93.0
2015-10-21,100,1096,1.78,122.14285714285714,89.93333333333334,2015,10,4,43,2,93.0,91.0,40.0,60.0,120.85714285714286,96.35714285714286,88.66666666666667,0.0,-102.0
2015-10-22,137,1055,1.27,132.42857142857142,91.56666666666666,2015,10,4,43,3,100.0,65.0,21.0,2.0,122.14285714285714,100.64285714285714,89.93333333333334,-0.51,-41.0
2015-10-23,241,1006,1.27,143.14285714285714,97.6,2015,10,4,43,4,137.0,166.0,42.0,3.0,132.42857142857142,108.92857142857143,91.56666666666666,0.0,-49.0
2015-10-24,113,893,1.27,139.71428571428572,101.3,2015,10,4,43,5,241.0,137.0,95.0,9.0,143.14285714285714,123.14285714285714,97.6,0.0,-113.0
2015-10-25,257,636,1.28,151.57142857142858,109.76666666666667,2015,10,4,43,6,113.0,174.0,85.0,142.0,139.71428571428572,124.42857142857143,101.3,0.010000000000000009,-257.0
2015-10-26,166,474,1.28,158.14285714285714,115.0,2015,10,4,44,0,257.0,120.0,140.0,90.0,151.57142857142858,136.71428571428572,109.76666666666667,0.0,-162.0
2015-10-27,162,312,1.28,168.0,115.66666666666667,2015,10,4,44,1,166.0,93.0,80.0,20.0,158.14285714285714,138.57142857142858,115.0,0.0,-162.0
2015-10-28,247,1121,1.28,189.0,120.9,2015,10,4,44,2,162.0,100.0,91.0,37.0,168.0,144.42857142857142,115.66666666666667,0.0,809.0
2015-10-29,70,1435,1.78,179.42857142857142,122.56666666666666,2015,10,4,44,3,247.0,137.0,65.0,86.0,189.0,155.57142857142858,120.9,0.5,314.0
2015-10-30,139,1296,1.35,164.85714285714286,125.96666666666667,2015,10,4,44,4,70.0,241.0,166.0,166.0,179.42857142857142,155.92857142857142,122.56666666666666,-0.42999999999999994,-139.0
2015-10-31,195,1293,1.34,176.57142857142858,129.6,2015,10,4,44,5,139.0,113.0,137.0,391.0,164.85714285714286,154.0,125.96666666666667,-0.010000000000000009,-3.0
2015-11-01,206,1087,1.34,169.28571428571428,130.93333333333334,2015,11,4,44,6,195.0,257.0,174.0,56.0,176.57142857142858,158.14285714285714,129.6,0.0,-206.0
2015-11-02,268,819,1.35,183.85714285714286,126.83333333333333,2015,11,4,45,0,206.0,166.0,120.0,64.0,169.28571428571428,160.42857142857142,130.93333333333334,0.010000000000000009,-268.0
2015-11-03,59,760,1.35,169.14285714285714,126.93333333333334,2015,11,4,45,1,268.0,162.0,93.0,35.0,183.85714285714286,171.0,126.83333333333333,0.0,-59.0
2015-11-04,99,1237,1.34,148.0,128.1,2015,11,4,45,2,59.0,247.0,100.0,40.0,169.14285714285714,168.57142857142858,126.93333333333334,-0.010000000000000009,477.0
2015-11-05,63,1366,1.75,147.0,129.03333333333333,2015,11,4,45,3,99.0,70.0,137.0,21.0,148.0,168.5,128.1,0.4099999999999999,129.0
2015-11-06,77,1577,1.76,138.14285714285714,130.26666666666668,2015,11,4,45,4,63.0,139.0,241.0,42.0,147.0,163.21428571428572,129.03333333333333,0.010000000000000009,211.0
2015-11-07,232,1345,2.18,143.42857142857142,137.3,2015,11,4,45,5,77.0,195.0,113.0,95.0,138.14285714285714,151.5,130.26666666666668,0.42000000000000015,-232.0
2015-11-08,157,1188,2.18,136.42857142857142,141.13333333333333,2015,11,4,45,6,232.0,206.0,257.0,85.0,143.42857142857142,160.0,137.3,0.0,-157.0
2015-11-09,107,1081,2.19,113.42857142857143,141.53333333333333,2015,11,4,46,0,157.0,268.0,166.0,140.0,136.42857142857142,152.85714285714286,141.13333333333333,0.009999999999999787,-107.0
2015-11-10,57,1023,2.18,113.14285714285714,140.6,2015,11,4,46,1,107.0,59.0,162.0,80.0,113.42857142857143,148.64285714285714,141.53333333333333,-0.009999999999999787,-58.0
2015-11-11,95,930,2.18,112.57142857142857,139.1,2015,11,4,46,2,57.0,99.0,247.0,91.0,113.14285714285714,141.14285714285714,140.6,0.0,-93.0
2015-11-12,86,844,2.19,115.85714285714286,139.3,2015,11,4,46,3,95.0,63.0,70.0,65.0,112.57142857142857,130.28571428571428,139.1,0.009999999999999787,-86.0
2015-11-13,102,742,2.19,119.42857142857143,139.66666666666666,2015,11,4,46,4,86.0,77.0,139.0,166.0,115.85714285714286,131.42857142857142,139.3,0.0,-102.0
2015-11-14,184,846,1.79,112.57142857142857,143.63333333333333,2015,11,4,46,5,102.0,232.0,195.0,137.0,119.42857142857143,128.78571428571428,139.66666666666666,-0.3999999999999999,104.0
2015-11-15,138,708,1.79,109.85714285714286,142.7,2015,11,4,46,6,184.0,157.0,206.0,174.0,112.57142857142857,128.0,143.63333333333333,0.0,-138.0
2015-11-16,106,698,2.19,109.71428571428571,141.66666666666666,2015,11,4,47,0,138.0,107.0,268.0,120.0,109.85714285714286,123.14285714285714,142.7,0.3999999999999999,-10.0
2015-11-17,89,609,2.19,114.28571428571429,138.83333333333334,2015,11,4,47,1,106.0,57.0,59.0,93.0,109.71428571428571,111.57142857142857,141.66666666666666,0.0,-89.0
2015-11-18,107,502,2.19,116.0,138.4,2015,11,4,47,2,89.0,95.0,99.0,100.0,114.28571428571429,113.71428571428571,138.83333333333334,0.0,-107.0
2015-11-19,78,424,2.19,114.85714285714286,137.9,2015,11,4,47,3,107.0,86.0,63.0,137.0,116.0,114.28571428571429,138.4,0.0,-78.0
2015-11-20,185,238,2.19,126.71428571428571,140.73333333333332,2015,11,4,47,4,78.0,102.0,77.0,241.0,114.85714285714286,115.35714285714286,137.9,0.0,-186.0
2015-11-21,151,87,2.19,122.0,141.2,2015,11,4,47,5,185.0,184.0,232.0,113.0,126.71428571428571,123.07142857142857,140.73333333333332,0.0,-151.0
2015-11-22,97,0,2.19,116.14285714285714,136.4,2015,11,4,47,6,151.0,138.0,157.0,257.0,122.0,117.28571428571429,141.2,0.0,-87.0
2015-11-23,76,0,2.19,111.85714285714286,135.16666666666666,2015,11,4,48,0,97.0,106.0,107.0,166.0,116.14285714285714,113.0,136.4,0.0,0.0
2015-11-24,140,0,2.19,119.14285714285714,131.26666666666668,2015,11,4,48,1,76.0,89.0,57.0,162.0,111.85714285714286,110.78571428571429,135.16666666666666,0.0,0.0
2015-11-25,137,0,2.67,123.42857142857143,130.3,2015,11,4,48,2,140.0,107.0,95.0,247.0,119.14285714285714,116.71428571428571,131.26666666666668,0.48,0.0
2015-11-26,84,0,2.69,124.28571428571429,127.7,2015,11,4,48,3,137.0,78.0,86.0,70.0,123.42857142857143,119.71428571428571,130.3,0.020000000000000018,0.0
2015-11-27,0,0,2.69,97.85714285714286,119.46666666666667,2015,11,4,48,4,84.0,185.0,102.0,139.0,124.28571428571429,119.57142857142857,127.7,0.0,0.0
2015-11-28,7,0,2.69,77.28571428571429,117.36666666666666,2015,11,4,48,5,0.0,151.0,184.0,195.0,97.85714285714286,112.28571428571429,119.46666666666667,0.0,0.0
2015-11-29,5,0,2.69,64.14285714285714,112.9,2015,11,4,48,6,7.0,97.0,138.0,206.0,77.28571428571429,99.64285714285714,117.36666666666666,0.0,0.0
2015-11-30,22,0,2.69,56.42857142857143,107.13333333333334,2015,11,4,49,0,5.0,76.0,106.0,268.0,64.14285714285714,90.14285714285714,112.9,0.0,0.0
2015-12-01,36,0,2.29,41.57142857142857,101.46666666666667,2015,12,4,49,1,22.0,140.0,89.0,59.0,56.42857142857143,84.14285714285714,107.13333333333334,-0.3999999999999999,0.0
2015-12-02,36,1655,2.29,27.142857142857142,93.73333333333333,2015,12,4,49,2,36.0,137.0,107.0,99.0,41.57142857142857,80.35714285714286,101.46666666666667,0.0,1655.0
2015-12-03,38,2001,2.29,20.571428571428573,93.03333333333333,2015,12,4,49,3,36.0,84.0,78.0,63.0,27.142857142857142,75.28571428571429,93.73333333333333,0.0,346.0
2015-12-04,95,1905,2.29,34.142857142857146,92.9,2015,12,4,49,4,38.0,0.0,185.0,77.0,20.571428571428573,72.42857142857143,93.03333333333333,0.0,-96.0
2015-12-05,108,1893,2.25,48.57142857142857,94.4,2015,12,4,49,5,95.0,7.0,151.0,232.0,34.142857142857146,66.0,92.9,-0.040000000000000036,-12.0
2015-12-06,70,1823,2.29,57.857142857142854,94.16666666666667,2015,12,4,49,6,108.0,5.0,97.0,157.0,48.57142857142857,62.92857142857143,94.4,0.040000000000000036,-70.0
2015-12-07,78,1745,2.29,65.85714285714286,89.03333333333333,2015,12,4,50,0,70.0,22.0,76.0,107.0,57.857142857142854,61.0,94.16666666666667,0.0,-78.0
2015-12-08,77,1668,2.29,71.71428571428571,86.36666666666666,2015,12,4,50,1,78.0,36.0,140.0,57.0,65.85714285714286,61.142857142857146,89.03333333333333,0.0,-77.0
2015-12-09,76,1880,2.29,77.42857142857143,85.33333333333333,2015,12,4,50,2,77.0,36.0,137.0,95.0,71.71428571428571,56.642857142857146,86.36666666666666,0.0,212.0
2015-12-10,59,1821,2.29,80.42857142857143,85.4,2015,12,4,50,3,76.0,38.0,84.0,86.0,77.42857142857143,52.285714285714285,85.33333333333333,0.0,-59.0
2015-12-11,42,1779,2.29,72.85714285714286,83.63333333333334,2015,12,4,50,4,59.0,95.0,0.0,102.0,80.42857142857143,50.5,85.4,0.0,-42.0
2015-12-12,142,1637,2.29,77.71428571428571,85.5,2015,12,4,50,5,42.0,108.0,7.0,184.0,72.85714285714286,53.5,83.63333333333334,0.0,-142.0
2015-12-13,116,1521,2.29,84.28571428571429,85.96666666666667,2015,12,4,50,6,142.0,70.0,5.0,138.0,77.71428571428571,63.142857142857146,85.5,0.0,-116.0
2015-12-14,57,1848,2.29,81.28571428571429,81.73333333333333,2015,12,4,51,0,116.0,78.0,22.0,106.0,84.28571428571429,71.07142857142857,85.96666666666667,0.0,327.0
2015-12-15,167,1681,2.29,94.14285714285714,82.7,2015,12,4,51,1,57.0,77.0,36.0,89.0,81.28571428571429,73.57142857142857,81.73333333333333,0.0,-167.0
2015-12-16,154,1527,2.29,105.28571428571429,84.3,2015,12,4,51,2,167.0,76.0,36.0,107.0,94.14285714285714,82.92857142857143,82.7,0.0,-154.0
2015-12-17,139,1964,1.39,116.71428571428571,85.96666666666667,2015,12,4,51,3,154.0,59.0,38.0,78.0,105.28571428571429,91.35714285714286,84.3,-0.9000000000000001,437.0
2015-12-18,192,1772,1.39,138.14285714285714,88.8,2015,12,4,51,4,139.0,42.0,95.0,185.0,116.71428571428571,98.57142857142857,85.96666666666667,0.0,-192.0
2015-12-19,295,2533,1.39,160.0,96.03333333333333,2015,12,4,51,5,192.0,142.0,108.0,151.0,138.14285714285714,105.5,88.8,0.0,761.0
2015-12-20,311,2222,1.39,187.85714285714286,100.23333333333333,2015,12,4,51,6,295.0,116.0,70.0,97.0,160.0,118.85714285714286,96.03333333333333,0.0,-311.0
2015-12-21,251,1971,1.39,215.57142857142858,103.56666666666666,2015,12,4,52,0,311.0,57.0,78.0,76.0,187.85714285714286,136.07142857142858,100.23333333333333,0.0,-251.0
2015-12-22,377,1594,1.39,245.57142857142858,112.9,2015,12,4,52,1,251.0,167.0,77.0,140.0,215.57142857142858,148.42857142857142,103.56666666666666,0.0,-377.0
2015-12-23,410,1184,1.39,282.14285714285717,124.03333333333333,2015,12,4,52,2,377.0,154.0,76.0,137.0,245.57142857142858,169.85714285714286,112.9,0.0,-410.0
2015-12-24,161,1023,1.39,285.2857142857143,124.73333333333333,2015,12,4,52,3,410.0,139.0,59.0,84.0,282.14285714285717,193.71428571428572,124.03333333333333,0.0,-161.0
2015-12-25,0,1023,1.39,257.85714285714283,120.16666666666667,2015,12,4,52,4,161.0,192.0,42.0,0.0,285.2857142857143,201.0,124.73333333333333,0.0,0.0
2015-12-26,212,811,1.39,246.0,124.43333333333334,2015,12,4,52,5,0.0,295.0,142.0,7.0,257.85714285714283,198.0,120.16666666666667,0.0,-212.0
2015-12-27,106,705,1.39,216.71428571428572,127.96666666666667,2015,12,4,52,6,212.0,311.0,116.0,5.0,246.0,203.0,124.43333333333334,0.0,-106.0
2015-12-28,100,604,1.39,195.14285714285714,131.06666666666666,2015,12,4,53,0,106.0,251.0,57.0,22.0,216.71428571428572,202.28571428571428,127.96666666666667,0.0,-101.0
2015-12-29,9,595,1.39,142.57142857142858,131.2,2015,12,4,53,1,100.0,377.0,167.0,36.0,195.14285714285714,205.35714285714286,131.06666666666666,0.0,-9.0
2015-12-30,0,595,1.39,84.0,130.46666666666667,2015,12,4,53,2,9.0,410.0,154.0,36.0,142.57142857142858,194.07142857142858,131.2,0.0,0.0
2015-12-31,0,595,1.39,61.0,129.26666666666668,2015,12,4,53,3,0.0,161.0,139.0,38.0,84.0,183.07142857142858,130.46666666666667,0.0,0.0
2016-01-01,0,595,1.39,61.0,128.06666666666666,2016,1,1,53,4,0.0,0.0,192.0,95.0,61.0,173.14285714285714,129.26666666666668,0.0,0.0
2016-01-02,3,592,1.39,31.142857142857142,126.9,2016,1,1,53,5,0.0,212.0,295.0,108.0,61.0,159.42857142857142,128.06666666666666,0.0,-3.0
2016-01-03,0,592,2.29,16.0,123.73333333333333,2016,1,1,53,6,3.0,106.0,311.0,70.0,31.142857142857142,138.57142857142858,126.9,0.9000000000000001,0.0
2016-01-04,0,592,1.46,1.7142857142857142,120.13333333333334,2016,1,1,1,0,0.0,100.0,251.0,78.0,16.0,116.35714285714286,123.73333333333333,-0.8300000000000001,0.0
2016-01-05,3,589,1.46,0.8571428571428571,117.9,2016,1,1,1,1,0.0,9.0,377.0,77.0,1.7142857142857142,98.42857142857143,120.13333333333334,0.0,-3.0
2016-01-06,3,586,1.46,1.2857142857142858,115.4,2016,1,1,1,2,3.0,0.0,410.0,76.0,0.8571428571428571,71.71428571428571,117.9,0.0,-3.0
2016-01-07,0,586,1.46,1.2857142857142858,112.83333333333333,2016,1,1,1,3,3.0,0.0,161.0,59.0,1.2857142857142858,42.642857142857146,115.4,0.0,0.0
2016-01-08,2,584,1.46,1.5714285714285714,110.36666666666666,2016,1,1,1,4,0.0,0.0,0.0,42.0,1.2857142857142858,31.142857142857142,112.83333333333333,0.0,-2.0
2016-01-09,0,584,0.0,1.1428571428571428,108.4,2016,1,1,1,5,2.0,3.0,212.0,142.0,1.5714285714285714,31.285714285714285,110.36666666666666,-1.46,0.0
2016-01-10,3,581,1.46,1.5714285714285714,107.1,2016,1,1,1,6,0.0,0.0,106.0,116.0,1.1428571428571428,16.142857142857142,108.4,1.46,-3.0
2016-01-11,0,581,1.46,1.5714285714285714,102.36666666666666,2016,1,1,2,0,3.0,0.0,100.0,57.0,1.5714285714285714,8.785714285714286,107.1,0.0,0.0
2016-01-12,103,478,1.46,15.857142857142858,101.93333333333334,2016,1,1,2,1,0.0,3.0,9.0,167.0,1.5714285714285714,1.6428571428571428,102.36666666666666,0.0,-103.0
2016-01-13,164,314,1.46,38.857142857142854,105.5,2016,1,1,2,2,103.0,3.0,0.0,154.0,15.857142857142858,8.357142857142858,101.93333333333334,0.0,-164.0
2016-01-14,118,196,1.46,55.714285714285715,103.86666666666666,2016,1,1,2,3,164.0,0.0,0.0,139.0,38.857142857142854,20.071428571428573,105.5,0.0,-118.0
2016-01-15,65,131,1.46,64.71428571428571,100.9,2016,1,1,2,4,118.0,2.0,0.0,192.0,55.714285714285715,28.5,103.86666666666666,0.0,-65.0
2016-01-16,24,107,1.46,68.14285714285714,97.06666666666666,2016,1,1,2,5,65.0,0.0,3.0,295.0,64.71428571428571,33.142857142857146,100.9,0.0,-24.0
2016-01-17,0,107,0.0,67.71428571428571,90.66666666666667,2016,1,1,2,6,24.0,3.0,0.0,311.0,68.14285714285714,34.642857142857146,97.06666666666666,-1.46,0.0
2016-01-18,1,106,1.46,67.85714285714286,80.86666666666666,2016,1,1,3,0,0.0,0.0,0.0,251.0,67.71428571428571,34.642857142857146,90.66666666666667,1.46,-1.0
2016-01-19,0,106,1.46,53.142857142857146,70.5,2016,1,1,3,1,1.0,103.0,3.0,377.0,67.85714285714286,34.714285714285715,80.86666666666666,0.0,0.0
2016-01-20,1,105,1.46,29.857142857142858,62.166666666666664,2016,1,1,3,2,0.0,164.0,3.0,410.0,53.142857142857146,34.5,70.5,0.0,-1.0
2016-01-21,60,3213,1.46,21.571428571428573,51.6,2016,1,1,3,3,1.0,118.0,0.0,161.0,29.857142857142858,34.357142857142854,62.166666666666664,0.0,3108.0
2016-01-22,103,3110,1.35,27.0,41.36666666666667,2016,1,1,3,4,60.0,65.0,2.0,0.0,21.571428571428573,38.642857142857146,51.6,-0.10999999999999988,-103.0
2016-01-23,263,2847,1.39,61.142857142857146,44.766666666666666,2016,1,1,3,5,103.0,24.0,0.0,212.0,27.0,45.857142857142854,41.36666666666667,0.039999999999999813,-263.0
2016-01-24,189,2658,1.39,88.14285714285714,51.06666666666667,2016,1,1,3,6,263.0,0.0,3.0,106.0,61.142857142857146,64.64285714285714,44.766666666666666,0.0,-189.0
2016-01-25,197,2461,1.39,116.14285714285714,50.56666666666667,2016,1,1,4,0,189.0,1.0,0.0,100.0,88.14285714285714,77.92857142857143,51.06666666666667,0.0,-197.0
2016-01-26,105,2356,1.46,131.14285714285714,50.53333333333333,2016,1,1,4,1,197.0,0.0,103.0,9.0,116.14285714285714,92.0,50.56666666666667,0.07000000000000006,-105.0
2016-01-27,129,2227,1.46,149.42857142857142,51.5,2016,1,1,4,2,105.0,1.0,164.0,0.0,131.14285714285714,92.14285714285714,50.53333333333333,0.0,-129.0
2016-01-28,144,2083,1.46,161.42857142857142,56.0,2016,1,1,4,3,129.0,60.0,118.0,0.0,149.42857142857142,89.64285714285714,51.5,0.0,-144.0
2016-01-29,173,1910,1.79,171.42857142857142,61.766666666666666,2016,1,1,4,4,144.0,103.0,65.0,0.0,161.42857142857142,91.5,56.0,0.33000000000000007,-173.0
2016-01-30,293,1617,1.79,175.71428571428572,71.53333333333333,2016,1,1,4,5,173.0,263.0,24.0,3.0,171.42857142857142,99.21428571428571,61.766666666666666,0.0,-293.0
2016-01-31,219,1398,1.79,180.0,78.83333333333333,2016,1,1,4,6,293.0,189.0,0.0,0.0,175.71428571428572,118.42857142857143,71.53333333333333,0.0,-219.0
2016-02-01,131,1267,1.79,170.57142857142858,83.1,2016,2,1,5,0,219.0,197.0,1.0,0.0,180.0,134.07142857142858,78.83333333333333,0.0,-131.0
2016-02-02,184,1083,1.79,181.85714285714286,89.23333333333333,2016,2,1,5,1,131.0,105.0,0.0,3.0,170.57142857142858,143.35714285714286,83.1,0.0,-184.0
2016-02-03,266,817,1.79,201.42857142857142,98.1,2016,2,1,5,2,184.0,129.0,1.0,3.0,181.85714285714286,156.5,89.23333333333333,0.0,-266.0
2016-02-04,98,815,2.18,194.85714285714286,101.26666666666667,2016,2,1,5,3,266.0,144.0,60.0,0.0,201.42857142857142,175.42857142857142,98.1,0.3900000000000001,-2.0
2016-02-05,67,1420,2.29,179.71428571428572,103.4,2016,2,1,5,4,98.0,173.0,103.0,2.0,194.85714285714286,178.14285714285714,101.26666666666667,0.10999999999999988,605.0
2016-02-06,85,1335,2.29,150.0,106.23333333333333,2016,2,1,5,5,67.0,293.0,263.0,0.0,179.71428571428572,175.57142857142858,103.4,0.0,-85.0
2016-02-07,78,1257,2.29,129.85714285714286,108.76666666666667,2016,2,1,5,6,85.0,219.0,189.0,3.0,150.0,162.85714285714286,106.23333333333333,0.0,-78.0
2016-02-08,71,1185,2.19,121.28571428571429,111.13333333333334,2016,2,1,6,0,78.0,131.0,197.0,0.0,129.85714285714286,154.92857142857142,108.76666666666667,-0.10000000000000009,-72.0
2016-02-09,113,1072,2.19,111.14285714285714,114.8,2016,2,1,6,1,71.0,184.0,105.0,103.0,121.28571428571429,145.92857142857142,111.13333333333334,0.0,-113.0
2016-02-10,138,1894,2.19,92.85714285714286,119.4,2016,2,1,6,2,113.0,266.0,129.0,164.0,111.14285714285714,146.5,114.8,0.0,822.0
2016-02-11,98,1796,2.19,92.85714285714286,119.23333333333333,2016,2,1,6,3,138.0,98.0,144.0,118.0,92.85714285714286,147.14285714285714,119.4,0.0,-98.0
2016-02-12,96,1700,2.19,97.0,116.96666666666667,2016,2,1,6,4,98.0,67.0,173.0,65.0,92.85714285714286,143.85714285714286,119.23333333333333,0.0,-96.0
2016-02-13,190,1510,2.19,112.0,119.36666666666666,2016,2,1,6,5,96.0,85.0,293.0,24.0,97.0,138.35714285714286,116.96666666666667,0.0,-190.0
2016-02-14,105,1510,2.19,115.85714285714286,120.7,2016,2,1,6,6,190.0,78.0,219.0,0.0,112.0,131.0,119.36666666666666,0.0,0.0
2016-02-15,25,1510,2.19,109.28571428571429,120.73333333333333,2016,2,1,7,0,105.0,71.0,131.0,1.0,115.85714285714286,122.85714285714286,120.7,0.0,0.0
2016-02-16,47,1909,2.19,99.85714285714286,122.3,2016,2,1,7,1,25.0,113.0,184.0,0.0,109.28571428571429,115.28571428571429,120.73333333333333,0.0,399.0
2016-02-17,63,1845,2.19,89.14285714285714,124.36666666666666,2016,2,1,7,2,47.0,138.0,266.0,1.0,99.85714285714286,105.5,122.3,0.0,-64.0
2016-02-18,39,1806,2.19,80.71428571428571,125.66666666666667,2016,2,1,7,3,63.0,98.0,98.0,60.0,89.14285714285714,91.0,124.36666666666666,0.0,-39.0
2016-02-19,35,1771,2.19,72.0,126.8,2016,2,1,7,4,39.0,96.0,67.0,103.0,80.71428571428571,86.78571428571429,125.66666666666667,0.0,-35.0
2016-02-20,77,1982,2.19,55.857142857142854,127.36666666666666,2016,2,1,7,5,35.0,190.0,85.0,263.0,72.0,84.5,126.8,0.0,211.0
2016-02-21,60,1922,2.19,49.42857142857143,125.93333333333334,2016,2,1,7,6,77.0,105.0,78.0,189.0,55.857142857142854,83.92857142857143,127.36666666666666,0.0,-60.0
2016-02-22,52,1870,2.19,53.285714285714285,118.9,2016,2,1,8,0,60.0,25.0,71.0,197.0,49.42857142857143,82.64285714285714,125.93333333333334,0.0,-52.0
2016-02-23,51,1819,2.19,53.857142857142854,114.3,2016,2,1,8,1,52.0,47.0,113.0,105.0,53.285714285714285,81.28571428571429,118.9,0.0,-51.0
2016-02-24,37,1782,2.19,50.142857142857146,108.96666666666667,2016,2,1,8,2,51.0,63.0,138.0,129.0,53.857142857142854,76.85714285714286,114.3,0.0,-37.0
2016-02-25,42,1740,2.19,50.57142857142857,106.86666666666666,2016,2,1,8,3,37.0,39.0,98.0,144.0,50.142857142857146,69.64285714285714,108.96666666666667,0.0,-42.0
2016-02-26,89,1651,2.19,58.285714285714285,105.53333333333333,2016,2,1,8,4,42.0,35.0,96.0,173.0,50.57142857142857,65.64285714285714,106.86666666666666,0.0,-89.0
2016-02-27,217,1367,2.19,78.28571428571429,107.96666666666667,2016,2,1,8,5,89.0,77.0,190.0,293.0,58.285714285714285,65.14285714285714,105.53333333333333,0.0,-284.0
2016-02-28,197,1170,2.19,97.85714285714286,108.76666666666667,2016,2,1,8,6,217.0,60.0,105.0,219.0,78.28571428571429,67.07142857142857,107.96666666666667,0.0,-197.0
2016-02-29,81,1089,2.19,102.0,101.7,2016,2,1,9,0,197.0,52.0,25.0,131.0,97.85714285714286,73.64285714285714,108.76666666666667,0.0,-81.0
2016-03-01,58,1607,2.19,103.0,96.33333333333333,2016,3,1,9,1,81.0,51.0,47.0,184.0,102.0,77.64285714285714,101.7,0.0,518.0
2016-03-02,120,1487,2.19,114.85714285714286,95.96666666666667,2016,3,1,9,2,58.0,37.0,63.0,266.0,103.0,78.42857142857143,96.33333333333333,0.0,-120.0
2016-03-03,64,1423,2.19,118.0,91.96666666666667,2016,3,1,9,3,120.0,42.0,39.0,98.0,114.85714285714286,82.5,95.96666666666667,0.0,-64.0
2016-03-04,64,1743,2.59,114.42857142857143,85.23333333333333,2016,3,1,9,4,64.0,89.0,35.0,67.0,118.0,84.28571428571429,91.96666666666667,0.3999999999999999,320.0
2016-03-05,76,1667,2.59,94.28571428571429,84.5,2016,3,1,9,5,64.0,217.0,77.0,85.0,114.42857142857143,86.35714285714286,85.23333333333333,0.0,-76.0
2016-03-06,86,1581,2.59,78.42857142857143,85.13333333333334,2016,3,1,9,6,76.0,197.0,60.0,78.0,94.28571428571429,86.28571428571429,84.5,0.0,-86.0
2016-03-07,98,1867,2.59,80.85714285714286,85.56666666666666,2016,3,1,10,0,86.0,81.0,52.0,71.0,78.42857142857143,88.14285714285714,85.13333333333334,0.0,286.0
2016-03-08,53,1814,2.59,80.14285714285714,84.73333333333333,2016,3,1,10,1,98.0,58.0,51.0,113.0,80.85714285714286,91.42857142857143,85.56666666666666,0.0,-53.0
2016-03-09,38,1774,2.59,68.42857142857143,83.63333333333334,2016,3,1,10,2,53.0,120.0,37.0,138.0,80.14285714285714,91.57142857142857,84.73333333333333,0.0,-40.0
2016-03-10,46,1728,2.19,65.85714285714286,81.4,2016,3,1,10,3,38.0,64.0,42.0,98.0,68.42857142857143,91.64285714285714,83.63333333333334,-0.3999999999999999,-46.0
2016-03-11,45,1779,2.19,63.142857142857146,78.3,2016,3,1,10,4,46.0,64.0,89.0,96.0,65.85714285714286,91.92857142857143,81.4,0.0,51.0
2016-03-12,67,1712,2.19,61.857142857142854,77.26666666666667,2016,3,1,10,5,45.0,76.0,217.0,190.0,63.142857142857146,88.78571428571429,78.3,0.0,-67.0
2016-03-13,52,1660,2.19,57.0,75.8,2016,3,1,10,6,67.0,86.0,197.0,105.0,61.857142857142854,78.07142857142857,77.26666666666667,0.0,-52.0
2016-03-14,24,1825,2.19,46.42857142857143,70.26666666666667,2016,3,1,11,0,52.0,98.0,81.0,25.0,57.0,67.71428571428571,75.8,0.0,165.0
2016-03-15,51,1774,2.19,46.142857142857146,68.46666666666667,2016,3,1,11,1,24.0,53.0,58.0,47.0,46.42857142857143,63.642857142857146,70.26666666666667,0.0,-51.0
2016-03-16,127,1647,2.19,58.857142857142854,71.86666666666666,2016,3,1,11,2,51.0,38.0,120.0,63.0,46.142857142857146,63.142857142857146,68.46666666666667,0.0,-127.0
2016-03-17,75,1572,2.19,63.0,72.8,2016,3,1,11,3,127.0,46.0,64.0,39.0,58.857142857142854,63.642857142857146,71.86666666666666,0.0,-75.0
2016-03-18,62,1510,2.19,65.42857142857143,72.76666666666667,2016,3,1,11,4,75.0,45.0,64.0,35.0,63.0,64.42857142857143,72.8,0.0,-62.0
2016-03-19,128,1478,1.99,74.14285714285714,75.73333333333333,2016,3,1,11,5,62.0,67.0,76.0,77.0,65.42857142857143,64.28571428571429,72.76666666666667,-0.19999999999999996,-32.0
2016-03-20,138,1340,1.99,86.42857142857143,79.16666666666667,2016,3,1,11,6,128.0,52.0,86.0,60.0,74.14285714285714,68.0,75.73333333333333,0.0,-138.0
2016-03-21,74,1554,1.99,93.57142857142857,79.06666666666666,2016,3,1,12,0,138.0,24.0,98.0,52.0,86.42857142857143,71.71428571428571,79.16666666666667,0.0,214.0
2016-03-22,73,1480,2.59,96.71428571428571,79.5,2016,3,1,12,1,74.0,51.0,53.0,51.0,93.57142857142857,70.0,79.06666666666666,0.5999999999999999,-74.0
2016-03-23,100,1380,2.59,92.85714285714286,81.1,2016,3,1,12,2,73.0,127.0,38.0,37.0,96.71428571428571,71.42857142857143,79.5,0.0,-100.0
2016-03-24,71,1501,2.59,92.28571428571429,81.76666666666667,2016,3,1,12,3,100.0,75.0,46.0,42.0,92.85714285714286,75.85714285714286,81.1,0.0,121.0
2016-03-25,99,1402,2.59,97.57142857142857,83.83333333333333,2016,3,1,12,4,71.0,62.0,45.0,89.0,92.28571428571429,77.64285714285714,81.76666666666667,0.0,-99.0
2016-03-26,102,1396,2.59,93.85714285714286,85.83333333333333,2016,3,1,12,5,99.0,128.0,67.0,217.0,97.57142857142857,81.5,83.83333333333333,0.0,-6.0
2016-03-27,57,1339,2.59,82.28571428571429,84.76666666666667,2016,3,1,12,6,102.0,138.0,52.0,197.0,93.85714285714286,84.0,85.83333333333333,0.0,-57.0
2016-03-28,23,1507,2.59,75.0,78.3,2016,3,1,13,0,57.0,74.0,24.0,81.0,82.28571428571429,84.35714285714286,84.76666666666667,0.0,168.0
2016-03-29,35,1760,2.59,69.57142857142857,72.9,2016,3,1,13,1,23.0,73.0,51.0,58.0,75.0,84.28571428571429,78.3,0.0,253.0
2016-03-30,59,1701,2.59,63.714285714285715,72.16666666666667,2016,3,1,13,2,35.0,100.0,127.0,120.0,69.57142857142857,83.14285714285714,72.9,0.0,-59.0
2016-03-31,41,1660,2.59,59.42857142857143,71.6,2016,3,1,13,3,59.0,71.0,75.0,64.0,63.714285714285715,78.28571428571429,72.16666666666667,0.0,-41.0
2016-04-01,68,1592,2.59,55.0,69.86666666666666,2016,4,2,13,4,41.0,99.0,62.0,64.0,59.42857142857143,75.85714285714286,71.6,0.0,-68.0
2016-04-02,84,1508,2.59,52.42857142857143,70.53333333333333,2016,4,2,13,5,68.0,102.0,128.0,76.0,55.0,76.28571428571429,69.86666666666666,0.0,-84.0
2016-04-03,42,1466,2.59,50.285714285714285,69.8,2016,4,2,13,6,84.0,57.0,138.0,86.0,52.42857142857143,73.14285714285714,70.53333333333333,0.0,-42.0
2016-04-04,95,1659,2.59,60.57142857142857,70.43333333333334,2016,4,2,14,0,42.0,23.0,74.0,98.0,50.285714285714285,66.28571428571429,69.8,0.0,193.0
2016-04-05,85,1574,2.59,67.71428571428571,70.4,2016,4,2,14,1,95.0,35.0,73.0,53.0,60.57142857142857,67.78571428571429,70.43333333333334,0.0,-85.0
2016-04-06,102,1472,2.59,73.85714285714286,70.53333333333333,2016,4,2,14,2,85.0,59.0,100.0,38.0,67.71428571428571,68.64285714285714,70.4,0.0,-102.0
2016-04-07,111,1457,2.59,83.85714285714286,72.46666666666667,2016,4,2,14,3,102.0,41.0,71.0,46.0,73.85714285714286,68.78571428571429,70.53333333333333,0.0,-15.0
2016-04-08,113,1344,2.59,90.28571428571429,74.96666666666667,2016,4,2,14,4,111.0,68.0,99.0,45.0,83.85714285714286,71.64285714285714,72.46666666666667,0.0,-113.0
2016-04-09,208,1136,2.59,108.0,80.36666666666666,2016,4,2,14,5,113.0,84.0,102.0,67.0,90.28571428571429,72.64285714285714,74.96666666666667,0.0,-208.0
2016-04-10,148,988,2.59,123.14285714285714,83.8,2016,4,2,14,6,208.0,42.0,57.0,52.0,108.0,80.21428571428571,80.36666666666666,0.0,-148.0
2016-04-11,123,2017,2.59,127.14285714285714,85.66666666666667,2016,4,2,15,0,148.0,95.0,23.0,24.0,123.14285714285714,86.71428571428571,83.8,0.0,1029.0
2016-04-12,62,1955,2.59,123.85714285714286,86.0,2016,4,2,15,1,123.0,85.0,35.0,51.0,127.14285714285714,93.85714285714286,85.66666666666667,0.0,-62.0
2016-04-13,129,1825,2.59,127.71428571428571,89.5,2016,4,2,15,2,62.0,102.0,59.0,127.0,123.85714285714286,95.78571428571429,86.0,0.0,-130.0
2016-04-14,102,1723,2.59,126.42857142857143,91.2,2016,4,2,15,3,129.0,111.0,41.0,75.0,127.71428571428571,100.78571428571429,89.5,0.0,-102.0
2016-04-15,110,3917,2.59,126.0,90.63333333333334,2016,4,2,15,4,102.0,113.0,68.0,62.0,126.42857142857143,105.14285714285714,91.2,0.0,2194.0
2016-04-16,202,3715,2.59,125.14285714285714,94.86666666666666,2016,4,2,15,5,110.0,208.0,84.0,128.0,126.0,108.14285714285714,90.63333333333334,0.0,-202.0
2016-04-17,144,3571,2.59,124.57142857142857,97.6,2016,4,2,15,6,202.0,148.0,42.0,138.0,125.14285714285714,116.57142857142857,94.86666666666666,0.0,-144.0
2016-04-18,84,3487,2.59,119.0,96.13333333333334,2016,4,2,16,0,144.0,123.0,95.0,74.0,124.57142857142857,123.85714285714286,97.6,0.0,-84.0
2016-04-19,127,3360,1.89,128.28571428571428,95.76666666666667,2016,4,2,16,1,84.0,62.0,85.0,73.0,119.0,123.07142857142857,96.13333333333334,-0.7,-127.0
2016-04-20,181,3179,1.89,135.71428571428572,99.33333333333333,2016,4,2,16,2,127.0,129.0,102.0,100.0,128.28571428571428,126.07142857142857,95.76666666666667,0.0,-181.0
2016-04-21,268,2911,1.89,159.42857142857142,105.83333333333333,2016,4,2,16,3,181.0,102.0,111.0,71.0,135.71428571428572,131.71428571428572,99.33333333333333,0.0,-268.0
2016-04-22,278,2636,1.89,183.42857142857142,111.76666666666667,2016,4,2,16,4,268.0,110.0,113.0,99.0,159.42857142857142,142.92857142857142,105.83333333333333,0.0,-275.0
2016-04-23,234,2402,1.89,188.0,117.2,2016,4,2,16,5,278.0,202.0,208.0,102.0,183.42857142857142,154.71428571428572,111.76666666666667,0.0,-234.0
2016-04-24,133,2269,1.89,186.42857142857142,118.33333333333333,2016,4,2,16,6,234.0,144.0,148.0,57.0,188.0,156.57142857142858,117.2,0.0,-133.0
2016-04-25,91,2178,1.89,187.42857142857142,117.96666666666667,2016,4,2,17,0,133.0,84.0,123.0,23.0,186.42857142857142,155.5,118.33333333333333,0.0,-91.0
2016-04-26,83,2095,2.59,181.14285714285714,118.83333333333333,2016,4,2,17,1,91.0,127.0,62.0,35.0,187.42857142857142,153.21428571428572,117.96666666666667,0.7,-83.0
2016-04-27,139,1956,2.59,175.14285714285714,122.7,2016,4,2,17,2,83.0,181.0,129.0,59.0,181.14285714285714,154.71428571428572,118.83333333333333,0.0,-139.0
2016-04-28,113,1843,2.59,153.0,125.3,2016,4,2,17,3,139.0,268.0,102.0,41.0,175.14285714285714,155.42857142857142,122.7,0.0,-113.0
2016-04-29,141,1702,2.59,133.42857142857142,128.03333333333333,2016,4,2,17,4,113.0,278.0,110.0,68.0,153.0,156.21428571428572,125.3,0.0,-141.0
2016-04-30,228,1474,2.59,132.57142857142858,134.26666666666668,2016,4,2,17,5,141.0,234.0,202.0,84.0,133.42857142857142,158.42857142857142,128.03333333333333,0.0,-228.0
2016-05-01,163,1311,2.59,136.85714285714286,137.43333333333334,2016,5,2,17,6,228.0,133.0,144.0,42.0,132.57142857142858,160.28571428571428,134.26666666666668,0.0,-163.0
2016-05-02,0,1605,2.59,123.85714285714286,134.63333333333333,2016,5,2,18,0,163.0,91.0,84.0,95.0,136.85714285714286,161.64285714285714,137.43333333333334,0.0,294.0
2016-05-03,125,1768,2.57,129.85714285714286,137.4,2016,5,2,18,1,0.0,83.0,127.0,85.0,123.85714285714286,155.64285714285714,134.63333333333333,-0.020000000000000018,163.0
2016-05-04,180,1876,2.59,135.71428571428572,140.23333333333332,2016,5,2,18,2,125.0,139.0,181.0,102.0,129.85714285714286,155.5,137.4,0.020000000000000018,108.0
2016-05-05,222,1846,1.88,151.28571428571428,144.8,2016,5,2,18,3,180.0,113.0,268.0,111.0,135.71428571428572,155.42857142857142,140.23333333333332,-0.71,-30.0
2016-05-06,243,1602,1.89,165.85714285714286,149.5,2016,5,2,18,4,222.0,141.0,278.0,113.0,151.28571428571428,152.14285714285714,144.8,0.010000000000000009,-244.0
2016-05-07,408,1196,1.89,191.57142857142858,159.4,2016,5,2,18,5,243.0,228.0,234.0,208.0,165.85714285714286,149.64285714285714,149.5,0.0,-406.0
2016-05-08,181,1014,1.89,194.14285714285714,161.66666666666666,2016,5,2,18,6,408.0,163.0,133.0,148.0,191.57142857142858,162.07142857142858,159.4,0.0,-182.0
2016-05-09,176,838,1.88,219.28571428571428,160.6,2016,5,2,19,0,181.0,0.0,91.0,123.0,194.14285714285714,165.5,161.66666666666666,-0.010000000000000009,-176.0
2016-05-10,178,660,1.89,226.85714285714286,161.6,2016,5,2,19,1,176.0,125.0,83.0,62.0,219.28571428571428,171.57142857142858,160.6,0.010000000000000009,-178.0
2016-05-11,310,348,1.38,245.42857142857142,167.83333333333334,2016,5,2,19,2,178.0,180.0,139.0,129.0,226.85714285714286,178.35714285714286,161.6,-0.51,-312.0
2016-05-12,134,213,1.89,232.85714285714286,170.23333333333332,2016,5,2,19,3,310.0,222.0,113.0,102.0,245.42857142857142,190.57142857142858,167.83333333333334,0.51,-135.0
2016-05-13,132,81,1.89,217.0,170.33333333333334,2016,5,2,19,4,134.0,243.0,141.0,110.0,232.85714285714286,192.07142857142858,170.23333333333332,0.0,-132.0
2016-05-14,1,80,1.89,158.85714285714286,166.96666666666667,2016,5,2,19,5,132.0,408.0,228.0,202.0,217.0,191.42857142857142,170.33333333333334,0.0,-1.0
2016-05-15,0,80,0.0,133.0,163.3,2016,5,2,19,6,1.0,181.0,163.0,144.0,158.85714285714286,175.21428571428572,166.96666666666667,-1.89,0.0
2016-05-16,0,80,2.59,107.85714285714286,156.56666666666666,2016,5,2,20,0,0.0,176.0,0.0,84.0,133.0,163.57142857142858,163.3,2.59,0.0
2016-05-17,0,2383,2.59,82.42857142857143,151.76666666666668,2016,5,2,20,1,0.0,178.0,125.0,127.0,107.85714285714286,163.57142857142858,156.56666666666666,0.0,2303.0
2016-05-18,110,2262,2.59,53.857142857142854,152.63333333333333,2016,5,2,20,2,0.0,310.0,180.0,181.0,82.42857142857143,154.64285714285714,151.76666666666668,0.0,-121.0
2016-05-19,81,2181,2.59,46.285714285714285,151.1,2016,5,2,20,3,110.0,134.0,222.0,268.0,53.857142857142854,149.64285714285714,152.63333333333333,0.0,-81.0
2016-05-20,112,2069,2.59,43.42857142857143,148.8,2016,5,2,20,4,81.0,132.0,243.0,278.0,46.285714285714285,139.57142857142858,151.1,0.0,-112.0
2016-05-21,186,2069,2.59,69.85714285714286,146.06666666666666,2016,5,2,20,5,112.0,1.0,408.0,234.0,43.42857142857143,130.21428571428572,148.8,0.0,0.0
2016-05-22,113,1770,2.59,86.0,140.56666666666666,2016,5,2,20,6,186.0,0.0,181.0,133.0,69.85714285714286,114.35714285714286,146.06666666666666,0.0,-299.0
2016-05-23,86,1684,2.59,98.28571428571429,135.63333333333333,2016,5,2,21,0,113.0,0.0,176.0,91.0,86.0,109.5,140.56666666666666,0.0,-86.0
2016-05-24,59,1817,2.59,106.71428571428571,133.16666666666666,2016,5,2,21,1,86.0,0.0,178.0,83.0,98.28571428571429,103.07142857142857,135.63333333333333,0.0,133.0
2016-05-25,94,5946,2.59,104.42857142857143,133.26666666666668,2016,5,2,21,2,59.0,110.0,310.0,139.0,106.71428571428571,94.57142857142857,133.16666666666666,0.0,4129.0
2016-05-26,167,5779,2.59,116.71428571428571,136.06666666666666,2016,5,2,21,3,94.0,81.0,134.0,113.0,104.42857142857143,79.14285714285714,133.26666666666668,0.0,-167.0
2016-05-27,244,5535,2.59,135.57142857142858,139.56666666666666,2016,5,2,21,4,167.0,112.0,132.0,141.0,116.71428571428571,81.5,136.06666666666666,0.0,-244.0
2016-05-28,261,5273,2.59,146.28571428571428,144.5,2016,5,2,21,5,244.0,186.0,1.0,228.0,135.57142857142858,89.5,139.56666666666666,0.0,-262.0
2016-05-29,187,5085,2.59,156.85714285714286,146.03333333333333,2016,5,2,21,6,261.0,113.0,0.0,163.0,146.28571428571428,108.07142857142857,144.5,0.0,-188.0
2016-05-30,115,4970,2.59,161.0,142.26666666666668,2016,5,2,22,0,187.0,86.0,0.0,0.0,156.85714285714286,121.42857142857143,146.03333333333333,0.0,-115.0
2016-05-31,139,4831,2.59,172.42857142857142,141.46666666666667,2016,5,2,22,1,115.0,59.0,0.0,125.0,161.0,129.64285714285714,142.26666666666668,0.0,-139.0
2016-06-01,273,4558,2.59,198.0,150.56666666666666,2016,6,2,22,2,139.0,94.0,110.0,180.0,172.42857142857142,139.57142857142858,141.46666666666667,0.0,-273.0
2016-06-02,235,4323,2.59,207.71428571428572,154.23333333333332,2016,6,2,22,3,273.0,167.0,81.0,222.0,198.0,151.21428571428572,150.56666666666666,0.0,-235.0
2016-06-03,172,4151,2.59,197.42857142857142,153.96666666666667,2016,6,2,22,4,235.0,244.0,112.0,243.0,207.71428571428572,162.21428571428572,154.23333333333332,0.0,-172.0
2016-06-04,323,3828,2.59,206.28571428571428,157.33333333333334,2016,6,2,22,5,172.0,261.0,186.0,408.0,197.42857142857142,166.5,153.96666666666667,0.0,-323.0
2016-06-05,336,3492,2.59,227.57142857142858,160.43333333333334,2016,6,2,22,6,323.0,187.0,113.0,181.0,206.28571428571428,176.28571428571428,157.33333333333334,0.0,-336.0
2016-06-06,127,3365,2.59,229.28571428571428,151.06666666666666,2016,6,2,23,0,336.0,115.0,86.0,176.0,227.57142857142858,192.21428571428572,160.43333333333334,0.0,-127.0
2016-06-07,137,3228,2.59,229.0,149.6,2016,6,2,23,1,127.0,139.0,59.0,178.0,229.28571428571428,195.14285714285714,151.06666666666666,0.0,-137.0
2016-06-08,249,2979,2.59,225.57142857142858,152.03333333333333,2016,6,2,23,2,137.0,273.0,94.0,310.0,229.0,200.71428571428572,149.6,0.0,-249.0
2016-06-09,201,2778,2.59,220.71428571428572,152.8,2016,6,2,23,3,249.0,235.0,167.0,134.0,225.57142857142858,211.78571428571428,152.03333333333333,0.0,-201.0
2016-06-10,271,2507,1.81,234.85714285714286,151.5,2016,6,2,23,4,201.0,172.0,244.0,132.0,220.71428571428572,214.21428571428572,152.8,-0.7799999999999998,-271.0
2016-06-11,512,2187,1.65,261.85714285714283,164.1,2016,6,2,23,5,271.0,323.0,261.0,1.0,234.85714285714286,216.14285714285714,151.5,-0.16000000000000014,-320.0
2016-06-12,317,1870,1.66,259.14285714285717,170.26666666666668,2016,6,2,23,6,512.0,336.0,187.0,0.0,261.85714285714283,234.07142857142858,164.1,0.010000000000000009,-317.0
2016-06-13,224,1646,1.66,273.0,177.7,2016,6,2,24,0,317.0,127.0,115.0,0.0,259.14285714285717,243.35714285714286,170.26666666666668,0.0,-224.0
2016-06-14,239,1407,1.63,287.57142857142856,185.66666666666666,2016,6,2,24,1,224.0,137.0,139.0,0.0,273.0,251.14285714285714,177.7,-0.030000000000000027,-239.0
2016-06-15,377,1182,1.63,305.85714285714283,198.23333333333332,2016,6,2,24,2,239.0,249.0,273.0,110.0,287.57142857142856,258.2857142857143,185.66666666666666,0.0,-225.0
2016-06-16,239,1423,1.69,311.2857142857143,206.2,2016,6,2,24,3,377.0,201.0,235.0,81.0,305.85714285714283,265.7142857142857,198.23333333333332,0.06000000000000005,241.0
2016-06-17,243,1756,1.66,307.2857142857143,210.63333333333333,2016,6,2,24,4,239.0,271.0,172.0,112.0,311.2857142857143,266.0,206.2,-0.030000000000000027,333.0
2016-06-18,438,1318,1.66,296.7142857142857,222.53333333333333,2016,6,2,24,5,243.0,512.0,323.0,186.0,307.2857142857143,271.07142857142856,210.63333333333333,0.0,-438.0
2016-06-19,334,985,1.68,299.14285714285717,229.93333333333334,2016,6,2,24,6,438.0,317.0,336.0,113.0,296.7142857142857,279.2857142857143,222.53333333333333,0.020000000000000018,-333.0
2016-06-20,149,836,2.59,288.42857142857144,228.7,2016,6,2,25,0,334.0,224.0,127.0,86.0,299.14285714285717,279.14285714285717,229.93333333333334,0.9099999999999999,-149.0
2016-06-21,32,803,2.59,258.85714285714283,226.0,2016,6,2,25,1,149.0,239.0,137.0,59.0,288.42857142857144,280.7142857142857,228.7,0.0,-33.0
2016-06-22,39,2204,2.59,210.57142857142858,224.43333333333334,2016,6,2,25,2,32.0,377.0,249.0,94.0,258.85714285714283,273.2142857142857,226.0,0.0,1401.0
2016-06-23,42,2738,2.59,182.42857142857142,223.86666666666667,2016,6,2,25,3,39.0,239.0,201.0,167.0,210.57142857142858,258.2142857142857,224.43333333333334,0.0,534.0
2016-06-24,64,2674,2.39,156.85714285714286,222.86666666666667,2016,6,2,25,4,42.0,243.0,271.0,244.0,182.42857142857142,246.85714285714286,223.86666666666667,-0.19999999999999973,-64.0
2016-06-25,170,2504,2.39,118.57142857142857,222.96666666666667,2016,6,2,25,5,64.0,438.0,512.0,261.0,156.85714285714286,232.07142857142858,222.86666666666667,0.0,-170.0
2016-06-26,132,2372,2.39,89.71428571428571,219.23333333333332,2016,6,2,25,6,170.0,334.0,317.0,187.0,118.57142857142857,207.64285714285714,222.96666666666667,0.0,-132.0
2016-06-27,123,2249,2.39,86.0,214.63333333333333,2016,6,2,26,0,132.0,149.0,224.0,115.0,89.71428571428571,194.42857142857142,219.23333333333332,0.0,-123.0
2016-06-28,78,2171,2.39,92.57142857142857,211.0,2016,6,2,26,1,123.0,32.0,239.0,139.0,86.0,187.21428571428572,214.63333333333333,0.0,-78.0
2016-06-29,130,2041,2.39,105.57142857142857,211.5,2016,6,2,26,2,78.0,39.0,377.0,273.0,92.57142857142857,175.71428571428572,211.0,0.0,-130.0
2016-06-30,141,1900,2.39,119.71428571428571,211.56666666666666,2016,6,2,26,3,130.0,42.0,239.0,235.0,105.57142857142857,158.07142857142858,211.5,0.0,-141.0
2016-07-01,247,1653,2.39,145.85714285714286,210.7,2016,7,3,26,4,141.0,64.0,243.0,172.0,119.71428571428571,151.07142857142858,211.56666666666666,0.0,-247.0
2016-07-02,322,1331,2.39,167.57142857142858,213.6,2016,7,3,26,5,247.0,170.0,438.0,323.0,145.85714285714286,151.35714285714286,210.7,0.0,-322.0
2016-07-03,196,1135,2.39,176.71428571428572,214.4,2016,7,3,26,6,322.0,132.0,334.0,336.0,167.57142857142858,143.07142857142858,213.6,0.0,-196.0
2016-07-04,172,963,2.39,183.71428571428572,209.36666666666667,2016,7,3,27,0,196.0,123.0,149.0,127.0,176.71428571428572,133.21428571428572,214.4,0.0,-172.0
2016-07-05,218,1413,2.39,203.71428571428572,205.43333333333334,2016,7,3,27,1,172.0,78.0,32.0,137.0,183.71428571428572,134.85714285714286,209.36666666666667,0.0,450.0
2016-07-06,216,1965,2.39,216.0,208.4,2016,7,3,27,2,218.0,130.0,39.0,249.0,203.71428571428572,148.14285714285714,205.43333333333334,0.0,552.0
2016-07-07,179,1882,2.39,221.42857142857142,209.8,2016,7,3,27,3,216.0,141.0,42.0,201.0,216.0,160.78571428571428,208.4,0.0,-83.0
2016-07-08,32,2234,2.39,190.71428571428572,202.56666666666666,2016,7,3,27,4,179.0,247.0,64.0,271.0,221.42857142857142,170.57142857142858,209.8,0.0,352.0
2016-07-09,95,2139,2.39,158.28571428571428,199.03333333333333,2016,7,3,27,5,32.0,322.0,170.0,512.0,190.71428571428572,168.28571428571428,202.56666666666666,0.0,-95.0
2016-07-10,78,2061,2.39,141.42857142857142,192.6,2016,7,3,27,6,95.0,196.0,132.0,317.0,158.28571428571428,162.92857142857142,199.03333333333333,0.0,-78.0
2016-07-11,122,1939,2.39,134.28571428571428,179.6,2016,7,3,28,0,78.0,172.0,123.0,224.0,141.42857142857142,159.07142857142858,192.6,0.0,-122.0
2016-07-12,164,1967,1.89,126.57142857142857,174.5,2016,7,3,28,1,122.0,218.0,78.0,239.0,134.28571428571428,159.0,179.6,-0.5000000000000002,28.0
2016-07-13,288,1670,1.89,136.85714285714286,176.63333333333333,2016,7,3,28,2,164.0,216.0,130.0,377.0,126.57142857142857,165.14285714285714,174.5,0.0,-297.0
2016-07-14,138,1532,1.89,131.0,173.26666666666668,2016,7,3,28,3,288.0,179.0,141.0,239.0,136.85714285714286,176.42857142857142,176.63333333333333,0.0,-138.0
2016-07-15,189,1343,1.89,153.42857142857142,167.0,2016,7,3,28,4,138.0,32.0,247.0,243.0,131.0,176.21428571428572,173.26666666666668,0.0,-189.0
2016-07-16,321,1022,1.89,185.71428571428572,169.73333333333332,2016,7,3,28,5,189.0,95.0,322.0,438.0,153.42857142857142,172.07142857142858,167.0,0.0,-321.0
2016-07-17,209,813,1.89,204.42857142857142,168.6,2016,7,3,28,6,321.0,78.0,196.0,334.0,185.71428571428572,172.0,169.73333333333332,0.0,-209.0
2016-07-18,161,1420,1.89,210.0,159.36666666666667,2016,7,3,29,0,209.0,122.0,172.0,149.0,204.42857142857142,172.92857142857142,168.6,0.0,607.0
2016-07-19,157,1359,1.89,209.0,153.46666666666667,2016,7,3,29,1,161.0,164.0,218.0,32.0,210.0,172.14285714285714,159.36666666666667,0.0,-61.0
2016-07-20,283,1075,1.89,208.28571428571428,157.93333333333334,2016,7,3,29,2,157.0,288.0,216.0,39.0,209.0,167.78571428571428,153.46666666666667,0.0,-284.0
2016-07-21,60,1015,2.39,197.14285714285714,158.86666666666667,2016,7,3,29,3,283.0,138.0,179.0,42.0,208.28571428571428,172.57142857142858,157.93333333333334,0.5000000000000002,-60.0
2016-07-22,98,917,2.39,184.14285714285714,160.83333333333334,2016,7,3,29,4,60.0,189.0,32.0,64.0,197.14285714285714,164.07142857142858,158.86666666666667,0.0,-98.0
2016-07-23,133,1550,2.39,157.28571428571428,163.86666666666667,2016,7,3,29,5,98.0,321.0,95.0,170.0,184.14285714285714,168.78571428571428,160.83333333333334,0.0,633.0
2016-07-24,130,1420,2.39,146.0,166.06666666666666,2016,7,3,29,6,133.0,209.0,78.0,132.0,157.28571428571428,171.5,163.86666666666667,0.0,-130.0
2016-07-25,62,1358,2.39,131.85714285714286,162.46666666666667,2016,7,3,30,0,130.0,161.0,122.0,123.0,146.0,175.21428571428572,166.06666666666666,0.0,-62.0
2016-07-26,97,2893,2.39,123.28571428571429,161.3,2016,7,3,30,1,62.0,157.0,164.0,78.0,131.85714285714286,170.92857142857142,162.46666666666667,0.0,1535.0
2016-07-27,98,3179,2.39,96.85714285714286,160.46666666666667,2016,7,3,30,2,97.0,283.0,288.0,130.0,123.28571428571429,166.14285714285714,161.3,0.0,286.0
2016-07-28,108,3071,2.39,103.71428571428571,161.46666666666667,2016,7,3,30,3,98.0,60.0,138.0,141.0,96.85714285714286,152.57142857142858,160.46666666666667,0.0,-108.0
2016-07-29,128,4095,2.39,108.0,161.4,2016,7,3,30,4,108.0,98.0,189.0,247.0,103.71428571428571,150.42857142857142,161.46666666666667,0.0,1024.0
2016-07-30,270,3825,2.39,127.57142857142857,165.7,2016,7,3,30,5,128.0,133.0,321.0,322.0,108.0,146.07142857142858,161.4,0.0,-270.0
2016-07-31,183,3642,2.39,135.14285714285714,163.56666666666666,2016,7,3,30,6,270.0,130.0,209.0,196.0,127.57142857142857,142.42857142857142,165.7,0.0,-183.0
